acclr(x),acclr(y),acclr(z),gyro(x),gyro(y),gyro(z),class
9.0,2.43,3.96,-0.22,-0.02,-0.05,handsonchest
8.92,2.42,4.02,-0.23,-0.02,-0.03,handsonchest
8.94,2.35,3.99,-0.23,-0.02,-0.03,handsonchest
8.94,2.38,4.0,-0.23,-0.02,-0.03,handsonchest
8.92,2.44,4.01,-0.23,-0.02,-0.03,handsonchest
8.94,2.39,3.97,-0.22,-0.02,-0.04,handsonchest
8.93,2.4,4.0,-0.23,-0.02,-0.03,handsonchest
8.94,2.39,4.03,-0.23,-0.02,-0.04,handsonchest
8.95,2.39,4.04,-0.23,-0.02,-0.02,handsonchest
8.94,2.43,4.04,-0.24,-0.02,-0.02,handsonchest
8.88,2.43,4.09,-0.23,-0.02,-0.02,handsonchest
8.92,2.42,4.0,-0.23,-0.02,-0.03,handsonchest
8.94,2.46,4.06,-0.23,-0.02,-0.04,handsonchest
8.96,2.4,3.99,-0.23,-0.01,-0.02,handsonchest
8.92,2.45,4.03,-0.24,0.0,-0.01,handsonchest
8.83,2.45,4.19,-0.27,-0.02,-0.03,handsonchest
8.97,2.19,4.17,-0.2,-0.03,-0.03,handsonchest
8.86,2.42,4.15,-0.23,-0.03,-0.03,handsonchest
8.82,2.28,4.22,-0.22,-0.04,-0.01,handsonchest
8.9,2.35,4.14,-0.23,-0.02,-0.02,handsonchest
8.81,2.47,4.09,-0.24,-0.04,-0.02,handsonchest
8.85,2.46,4.1,-0.23,-0.04,-0.02,handsonchest
8.9,2.46,4.04,-0.23,-0.03,-0.02,handsonchest
8.94,2.59,4.06,-0.23,-0.01,-0.05,handsonchest
9.88,2.55,0.31,-0.24,-0.0,-0.04,handsonchest
9.84,2.5,0.41,-0.23,-0.03,-0.02,handsonchest
9.8,2.39,0.39,-0.24,-0.02,-0.01,handsonchest
9.84,2.37,0.38,-0.23,-0.03,-0.02,handsonchest
9.86,2.36,0.39,-0.23,-0.02,-0.03,handsonchest
9.83,2.33,0.35,-0.23,-0.03,-0.03,handsonchest
9.84,2.43,0.43,-0.23,-0.02,-0.03,handsonchest
9.85,2.45,0.32,-0.25,-0.03,-0.02,handsonchest
9.88,2.31,0.41,-0.23,-0.01,-0.02,handsonchest
9.89,2.45,0.42,-0.23,-0.02,-0.02,handsonchest
9.55,2.3,0.3,-0.25,-0.07,0.06,handsonchest
9.59,2.72,0.95,-0.11,0.01,-0.06,handsonchest
9.84,2.62,0.69,-0.28,-0.01,-0.03,handsonchest
9.93,2.48,0.33,-0.25,0.01,-0.02,handsonchest
9.77,2.55,0.57,-0.24,0.03,-0.02,handsonchest
9.75,2.6,0.73,-0.27,-0.02,0.0,handsonchest
9.75,2.21,0.84,-0.21,-0.02,-0.03,handsonchest
9.87,2.37,0.64,-0.21,-0.03,-0.0,handsonchest
9.77,2.51,0.85,-0.22,-0.01,-0.03,handsonchest
9.99,2.02,0.6,-0.22,-0.05,-0.03,handsonchest
9.99,2.52,0.87,-0.23,-0.03,-0.01,handsonchest
9.82,2.15,0.85,-0.2,0.02,-0.06,handsonchest
9.96,2.18,0.82,-0.19,-0.01,-0.05,handsonchest
9.63,2.2,0.54,-0.27,-0.04,0.05,handsonchest
9.75,2.09,1.19,-0.16,-0.04,-0.15,handsonchest
9.72,2.23,0.81,-0.27,-0.05,0.01,handsonchest
9.99,2.16,0.86,-0.2,0.02,-0.01,handsonchest
9.64,1.25,2.79,-0.23,-0.02,-0.01,handsonchest
9.67,1.22,2.74,-0.22,-0.02,-0.04,handsonchest
9.66,1.22,2.76,-0.23,-0.02,-0.03,handsonchest
9.67,1.2,2.7,-0.23,-0.03,-0.02,handsonchest
9.63,1.24,2.78,-0.24,-0.01,-0.02,handsonchest
9.63,1.2,2.8,-0.23,-0.02,-0.02,handsonchest
9.61,1.07,2.84,-0.23,-0.02,-0.03,handsonchest
9.64,1.15,2.85,-0.23,-0.02,-0.03,handsonchest
9.65,1.07,2.81,-0.23,-0.02,-0.02,handsonchest
9.66,1.19,2.82,-0.22,-0.03,-0.04,handsonchest
9.65,1.23,2.8,-0.23,-0.03,-0.03,handsonchest
9.65,1.17,2.75,-0.23,-0.02,-0.04,handsonchest
9.63,1.22,2.8,-0.23,-0.01,-0.02,handsonchest
9.64,1.14,2.82,-0.23,-0.02,-0.02,handsonchest
9.63,1.18,2.82,-0.23,-0.03,-0.03,handsonchest
9.64,1.17,2.79,-0.23,-0.02,-0.01,handsonchest
9.62,1.29,2.86,-0.24,-0.02,-0.03,handsonchest
9.61,1.23,2.81,-0.23,-0.02,-0.02,handsonchest
9.64,1.2,2.76,-0.23,-0.02,-0.03,handsonchest
9.67,1.23,2.78,-0.23,-0.02,-0.02,handsonchest
9.66,1.1,2.72,-0.23,-0.01,-0.04,handsonchest
9.56,1.34,2.94,-0.23,-0.02,-0.03,handsonchest
5.76,7.75,0.65,0.03,-0.58,0.03,wrist_twisted
5.09,9.64,-0.98,-0.38,-0.03,0.26,wrist_twisted
5.15,8.94,-0.49,-0.22,-0.15,0.02,wrist_twisted
5.29,8.53,-0.46,-0.22,-0.03,-0.0,wrist_twisted
5.27,8.51,-0.5,-0.23,-0.02,-0.03,wrist_twisted
5.35,8.5,-0.51,-0.23,-0.01,-0.06,wrist_twisted
5.26,8.48,-0.47,-0.22,-0.03,0.0,wrist_twisted
5.4,8.49,-0.51,-0.23,-0.01,-0.05,wrist_twisted
5.33,8.51,-0.51,-0.23,-0.02,-0.03,wrist_twisted
5.29,8.51,-0.5,-0.23,-0.03,-0.04,wrist_twisted
5.27,8.51,-0.48,-0.24,-0.01,-0.03,wrist_twisted
5.28,8.48,-0.48,-0.23,-0.02,-0.03,wrist_twisted
5.33,8.49,-0.51,-0.22,-0.02,-0.03,wrist_twisted
5.3,8.49,-0.5,-0.23,-0.02,-0.03,wrist_twisted
5.27,8.52,-0.49,-0.23,-0.02,-0.03,wrist_twisted
5.24,8.51,-0.5,-0.23,-0.02,-0.02,wrist_twisted
5.28,8.56,-0.47,-0.23,-0.02,-0.03,wrist_twisted
5.3,8.5,-0.49,-0.23,-0.02,-0.02,wrist_twisted
5.26,8.57,-0.51,-0.23,-0.02,-0.03,wrist_twisted
5.26,8.59,-0.46,-0.23,-0.03,-0.02,wrist_twisted
5.25,8.54,-0.46,-0.23,-0.01,-0.03,wrist_twisted
5.23,8.5,-0.49,-0.23,-0.01,-0.03,wrist_twisted
5.25,8.49,-0.51,-0.23,-0.03,-0.02,wrist_twisted
5.24,8.52,-0.46,-0.23,-0.02,-0.03,wrist_twisted
5.28,8.49,-0.49,-0.24,-0.03,-0.03,wrist_twisted
5.26,8.53,-0.49,-0.23,-0.02,-0.03,wrist_twisted
5.25,8.53,-0.49,-0.23,-0.02,-0.02,wrist_twisted
5.23,8.56,-0.46,-0.24,-0.02,-0.02,wrist_twisted
5.27,8.49,-0.41,-0.23,-0.02,-0.02,wrist_twisted
5.26,8.52,-0.49,-0.23,-0.02,-0.04,wrist_twisted
5.26,8.54,-0.45,-0.23,-0.03,-0.03,wrist_twisted
5.26,8.52,-0.45,-0.23,-0.03,-0.04,wrist_twisted
5.24,8.57,-0.43,-0.23,-0.02,-0.03,wrist_twisted
5.24,8.54,-0.46,-0.24,-0.03,-0.01,wrist_twisted
5.25,8.53,-0.44,-0.23,-0.03,-0.03,wrist_twisted
5.26,8.55,-0.45,-0.23,-0.02,-0.02,wrist_twisted
5.28,8.51,-0.47,-0.23,-0.02,-0.03,wrist_twisted
5.3,8.49,-0.5,-0.23,-0.02,-0.02,wrist_twisted
5.27,8.49,-0.47,-0.23,-0.02,-0.02,wrist_twisted
5.28,8.46,-0.44,-0.23,-0.01,-0.03,wrist_twisted
5.27,8.5,-0.47,-0.23,-0.03,-0.02,wrist_twisted
5.26,8.51,-0.46,-0.23,-0.02,-0.02,wrist_twisted
5.25,8.52,-0.47,-0.23,-0.01,-0.03,wrist_twisted
5.25,8.54,-0.46,-0.23,-0.03,-0.02,wrist_twisted
5.27,8.43,-0.44,-0.23,-0.02,-0.02,wrist_twisted
5.26,8.48,-0.41,-0.23,-0.03,-0.02,wrist_twisted
5.27,8.51,-0.47,-0.23,-0.03,-0.02,wrist_twisted
5.28,8.54,-0.45,-0.23,-0.03,-0.02,wrist_twisted
5.28,8.54,-0.44,-0.23,-0.03,-0.02,wrist_twisted
5.28,8.56,-0.46,-0.23,-0.03,-0.03,wrist_twisted
5.26,8.56,-0.46,-0.23,-0.02,-0.03,wrist_twisted
5.27,8.5,-0.48,-0.23,-0.02,-0.02,wrist_twisted
5.26,8.56,-0.46,-0.23,-0.02,-0.03,wrist_twisted
5.26,8.52,-0.44,-0.23,-0.02,-0.02,wrist_twisted
5.3,8.48,-0.46,-0.23,-0.03,-0.02,wrist_twisted
5.27,8.52,-0.46,-0.23,-0.02,-0.02,wrist_twisted
5.29,8.55,-0.48,-0.23,-0.02,-0.02,wrist_twisted
5.27,8.58,-0.45,-0.23,-0.02,-0.02,wrist_twisted
8.84,4.22,2.26,-0.23,-0.02,-0.03,hand_raise
8.93,4.39,2.27,-0.23,-0.02,-0.03,hand_raise
9.39,5.88,3.37,-1.17,1.66,-0.15,hand_raise
0.39,-1.7,8.89,-1.11,1.24,-0.14,hand_raise
-1.68,-4.77,8.5,-0.57,0.47,-0.16,hand_raise
-1.41,-4.59,8.44,-0.3,0.04,0.03,hand_raise
-1.14,-4.15,8.6,-0.26,-0.02,0.01,hand_raise
-0.87,-3.06,7.93,1.33,-1.28,0.05,hand_raise
6.24,4.63,7.07,0.61,-0.93,-0.11,hand_raise
11.41,6.5,3.04,0.06,-0.06,-0.34,hand_raise
7.68,5.9,2.36,-0.21,-0.03,-0.04,hand_raise
7.41,4.87,2.36,0.07,-0.42,0.1,hand_raise
7.49,5.34,3.54,-0.3,-0.23,0.31,hand_raise
8.39,5.35,1.72,-0.23,-0.02,-0.03,hand_raise
8.34,5.39,1.72,-0.23,-0.03,-0.02,hand_raise
8.33,5.42,1.73,-0.23,-0.02,-0.03,hand_raise
8.6,5.81,1.76,-0.25,-0.07,0.02,hand_raise
6.63,4.59,4.87,-1.68,1.82,0.83,hand_raise
-1.28,-4.7,8.67,-0.84,0.61,-0.15,hand_raise
-1.38,-4.51,8.45,-0.17,-0.2,-0.14,hand_raise
-1.65,-5.55,8.4,0.05,-0.19,0.01,hand_raise
4.24,1.62,7.44,1.53,-1.68,0.32,hand_raise
9.0,5.95,3.75,0.03,-0.54,0.19,hand_raise
8.77,4.96,2.43,-0.16,-0.22,-0.06,hand_raise
8.14,5.58,2.04,-0.23,-0.02,-0.03,hand_raise
8.17,5.58,2.02,-0.23,-0.02,-0.03,hand_raise
10.38,6.16,2.09,-0.84,0.41,-0.16,hand_raise
2.15,-0.91,8.04,-1.66,1.67,-1.77,hand_raise
-1.27,-5.1,8.21,-0.94,0.68,0.13,hand_raise
-1.94,-5.5,7.58,-0.25,0.05,-0.02,hand_raise
-2.94,-6.47,7.06,0.31,-0.38,0.03,hand_raise
3.33,1.72,7.85,1.54,-1.47,-0.09,hand_raise
7.74,4.69,5.69,0.5,-0.78,0.0,hand_raise
7.0,5.58,2.96,0.03,-0.48,-0.29,hand_raise
7.72,6.08,2.1,-0.23,-0.02,-0.02,hand_raise
7.69,6.11,2.12,-0.23,-0.02,-0.02,hand_raise
10.19,6.82,2.33,-1.31,1.35,0.08,hand_raise
1.1,-0.93,8.73,-1.59,1.16,-0.06,hand_raise
-1.81,-4.68,8.43,-0.49,0.33,-0.07,hand_raise
-1.69,-4.6,8.32,-0.28,0.0,0.02,hand_raise
-2.18,-5.11,8.16,0.24,-0.42,0.0,hand_raise
2.05,0.22,8.67,1.05,-1.07,0.23,hand_raise
7.42,5.27,5.0,0.16,-0.99,0.12,hand_raise
8.37,5.45,2.41,-0.25,-0.01,-0.04,hand_raise
8.2,5.37,2.32,-0.22,-0.02,-0.04,hand_raise
7.47,6.36,2.17,-0.23,-0.03,-0.03,hand_raise
7.47,6.38,2.14,-0.23,-0.02,-0.03,hand_raise
8.75,8.03,2.14,-0.47,-0.15,0.47,hand_raise
2.75,-0.07,7.29,-1.7,1.63,-0.85,hand_raise
-0.11,-3.83,9.1,-0.81,0.46,0.04,hand_raise
-0.07,-3.53,8.99,-0.25,-0.06,0.01,hand_raise
-0.15,-3.67,8.98,-0.23,-0.05,0.03,hand_raise
0.96,-1.98,8.27,1.48,-1.26,-0.11,hand_raise
8.13,5.12,4.43,0.6,-1.06,0.05,hand_raise
7.9,5.9,2.05,-0.23,-0.02,-0.03,hand_raise
7.89,5.83,2.04,-0.23,-0.03,-0.02,hand_raise
7.93,5.88,2.06,-0.23,-0.02,-0.02,hand_raise
8.54,6.53,1.93,-0.33,-0.05,0.09,hand_raise
4.28,3.28,6.77,-1.9,1.58,0.23,hand_raise
-0.85,-3.61,8.95,-0.99,0.5,-0.1,hand_raise
-0.98,-4.04,8.7,-0.22,-0.04,-0.05,hand_raise
-0.95,-4.25,8.64,-0.23,-0.04,-0.04,hand_raise
-0.7,-4.17,8.76,0.14,-0.31,-0.02,hand_raise
1.92,0.1,8.76,1.09,-0.93,0.6,hand_raise
7.28,5.14,5.52,0.23,-0.89,0.08,hand_raise
6.95,4.94,2.9,-0.01,-0.12,-0.17,hand_raise
7.97,5.79,2.25,-0.23,-0.03,-0.03,hand_raise
7.95,5.73,2.22,-0.23,-0.02,-0.02,hand_raise
7.96,5.76,2.25,-0.23,-0.02,-0.03,hand_raise
7.95,5.72,2.21,-0.23,-0.02,-0.03,hand_raise
7.92,5.74,2.25,-0.23,-0.02,-0.02,hand_raise
9.08,6.22,3.6,-1.68,1.6,-0.96,hand_raise
-1.0,-3.41,8.22,-1.77,1.41,-0.02,hand_raise
-1.59,-5.45,7.69,-0.01,-0.26,0.06,hand_raise
-1.66,-5.72,7.74,-0.15,-0.11,-0.03,hand_raise
-0.25,-3.0,8.27,1.47,-1.07,0.05,hand_raise
7.33,5.44,6.35,0.23,-0.95,0.09,hand_raise
7.35,5.87,3.2,0.34,-0.67,-0.03,hand_raise
7.66,6.22,1.92,-0.23,-0.02,-0.02,hand_raise
7.7,6.2,1.9,-0.23,-0.02,-0.02,hand_raise
7.71,6.3,1.94,-0.24,-0.03,-0.0,hand_raise
8.18,6.82,3.0,-1.08,1.15,-0.58,hand_raise
2.98,1.91,8.26,-1.59,0.94,-0.33,hand_raise
-1.55,-3.94,8.77,-0.88,0.33,-0.18,hand_raise
-1.43,-4.37,8.48,-0.27,-0.04,0.04,hand_raise
-1.37,-4.43,8.5,-0.24,-0.03,-0.04,hand_raise
-1.36,-4.4,8.49,-0.15,-0.12,-0.04,hand_raise
-1.3,-4.42,8.32,0.98,-0.47,0.12,hand_raise
5.4,3.39,7.32,0.55,-0.73,0.22,hand_raise
7.61,4.98,4.03,0.11,-1.01,0.31,hand_raise
7.74,5.66,2.14,-0.2,-0.01,-0.11,hand_raise
7.76,6.01,2.11,-0.23,-0.03,-0.03,hand_raise
7.76,6.05,2.1,-0.23,-0.02,-0.03,hand_raise
7.71,6.08,2.14,-0.23,-0.02,-0.02,hand_raise
7.75,6.09,2.07,-0.23,-0.02,-0.03,hand_raise
7.66,6.1,2.0,-0.22,-0.02,-0.04,hand_raise
7.7,6.09,1.95,-0.22,-0.02,-0.04,hand_raise
7.7,6.17,1.99,-0.23,-0.03,-0.01,hand_raise
7.89,6.05,2.01,-0.41,-0.09,0.23,hand_raise
5.28,5.54,5.27,-2.06,1.55,0.36,hand_raise
0.0,-2.75,9.09,-1.3,0.97,-0.32,hand_raise
-1.94,-5.29,8.07,-0.26,0.04,-0.16,hand_raise
-1.49,-4.78,8.25,-0.26,-0.01,-0.01,hand_raise
-1.39,-4.79,8.32,-0.14,-0.12,-0.01,hand_raise
-0.58,-3.68,8.94,0.26,-0.38,0.0,hand_raise
3.28,1.35,8.66,0.78,-0.84,0.41,hand_raise
7.74,4.72,5.11,0.34,-0.96,0.16,hand_raise
8.09,6.84,1.81,-0.25,-0.03,0.0,hand_raise
7.63,6.24,1.96,-0.23,-0.02,-0.03,hand_raise
7.58,6.32,1.86,-0.23,-0.03,-0.02,hand_raise
7.58,6.34,1.85,-0.23,-0.02,-0.03,hand_raise
7.52,6.28,1.85,-0.22,-0.03,-0.04,hand_raise
7.89,6.59,3.82,-1.83,1.53,0.63,hand_raise
0.87,-1.46,9.3,-1.21,0.75,-0.11,hand_raise
-1.31,-4.82,8.43,-0.45,0.2,-0.04,hand_raise
-1.27,-4.62,8.36,-0.28,0.04,-0.03,hand_raise
-1.35,-4.93,8.23,-0.24,-0.02,-0.05,hand_raise
-1.38,-5.01,8.27,-0.18,-0.08,-0.05,hand_raise
0.45,-2.44,8.51,1.2,-0.66,0.1,hand_raise
6.73,4.39,6.18,0.72,-1.64,0.2,hand_raise
7.08,6.03,2.68,0.0,-0.02,-0.26,hand_raise
-1.31,-4.57,8.35,-0.01,-0.15,0.0,hand_raise
-1.33,-4.51,8.46,-0.24,0.01,-0.1,hand_raise
-1.08,-4.24,8.67,0.29,-0.41,-0.06,hand_raise
2.06,0.51,8.97,0.68,-0.69,-0.37,hand_raise
5.11,4.65,6.7,0.52,-0.55,0.05,hand_raise
9.92,5.86,2.49,0.53,-0.97,-0.05,hand_raise
7.45,6.52,2.1,-0.24,-0.03,-0.04,hand_raise
-0.95,-5.47,7.75,-0.18,-0.08,0.02,hand_raise
-1.01,-5.75,7.6,-0.22,-0.03,-0.04,hand_raise
-1.09,-5.88,7.64,-0.21,-0.04,-0.02,hand_raise
-0.79,-5.56,7.84,-0.3,-0.05,-0.11,hand_raise
-0.79,-5.68,7.81,-0.15,-0.03,0.03,hand_raise
-0.07,-3.87,7.98,1.58,-0.94,0.3,hand_raise
7.05,5.41,6.18,0.56,-1.34,0.67,hand_raise
7.1,4.74,2.62,0.09,-0.06,-0.45,hand_raise
7.8,6.06,2.16,-0.22,-0.03,-0.05,hand_raise
7.39,6.29,1.54,-0.21,-0.01,-0.05,hand_raise
7.7,6.26,1.89,-0.23,-0.01,0.0,hand_raise
7.61,6.3,1.86,-0.23,-0.02,-0.04,hand_raise
5.06,4.24,2.35,-3.59,2.31,0.7,hand_raise
-1.02,-7.42,7.61,-0.47,0.07,0.07,hand_raise
0.41,-4.54,8.52,-0.29,0.05,-0.13,hand_raise
0.45,-4.93,8.38,-0.22,-0.06,0.01,hand_raise
0.18,-4.72,8.39,-0.24,-0.02,0.04,hand_raise
2.23,-1.24,8.13,1.41,-1.01,0.39,hand_raise
7.8,5.05,5.22,0.73,-1.12,-0.09,hand_raise
7.73,6.26,1.59,-0.23,-0.02,-0.02,hand_raise
7.73,6.23,1.6,-0.23,-0.03,-0.02,hand_raise
7.69,6.24,1.58,-0.23,-0.02,-0.03,hand_raise
7.74,6.37,1.53,-0.23,-0.02,-0.03,hand_raise
8.03,6.65,1.57,-0.28,-0.02,0.01,hand_raise
4.03,0.64,5.88,-2.49,2.14,-0.11,hand_raise
-0.85,-6.64,7.97,-0.47,-0.13,-0.53,hand_raise
0.16,-4.63,8.5,-0.26,-0.01,-0.12,hand_raise
0.12,-4.8,8.45,-0.24,-0.01,-0.05,hand_raise
0.18,-4.68,8.51,-0.22,-0.07,-0.06,hand_raise
0.99,-4.04,8.22,1.23,-0.93,-0.04,hand_raise
8.09,4.92,5.9,0.62,-0.94,0.97,hand_raise
7.3,4.83,2.26,-0.1,-0.08,-0.15,hand_raise
8.27,5.61,1.46,-0.15,0.01,-0.27,hand_raise
7.91,5.99,1.53,-0.22,-0.0,-0.06,hand_raise
7.84,6.11,1.53,-0.23,-0.02,-0.04,hand_raise
8.74,6.92,1.88,-0.56,0.36,-0.16,hand_raise
3.26,2.22,7.32,-2.16,1.38,0.09,hand_raise
-1.22,-5.14,8.32,-1.02,0.37,-0.33,hand_raise
-0.51,-4.5,8.42,-0.2,-0.08,-0.03,hand_raise
-0.55,-4.84,8.37,-0.22,-0.05,-0.06,hand_raise
-0.55,-4.8,8.4,-0.24,-0.05,-0.04,hand_raise
0.18,-3.54,8.65,1.04,-0.83,0.18,hand_raise
7.38,5.37,6.3,1.03,-1.67,0.64,hand_raise
7.92,5.91,1.76,-0.21,0.0,-0.38,hand_raise
7.82,6.07,1.92,-0.23,-0.02,-0.03,hand_raise
8.05,6.26,1.97,-0.25,0.03,-0.0,hand_raise
6.9,6.15,3.72,-2.37,1.76,0.29,hand_raise
0.2,-3.77,8.79,-1.31,0.89,-0.33,hand_raise
0.31,-4.24,8.69,-0.16,-0.05,-0.01,hand_raise
0.15,-4.3,8.71,-0.22,-0.0,-0.04,hand_raise
0.4,-3.56,8.88,0.77,-0.51,-0.06,hand_raise
5.07,4.65,6.8,1.26,-1.2,0.59,hand_raise
7.78,6.13,1.85,-0.23,-0.03,-0.03,hand_raise
7.8,6.16,1.81,-0.23,-0.03,-0.02,hand_raise
7.84,6.29,1.81,-0.25,-0.02,-0.0,hand_raise
6.02,4.77,5.56,-1.9,1.26,0.28,hand_raise
1.34,-1.86,9.2,-1.15,0.64,-0.11,hand_raise
0.07,-4.86,8.55,-0.32,-0.06,-0.11,hand_raise
0.16,-4.49,8.68,-0.25,-0.01,-0.02,hand_raise
0.06,-4.44,8.67,-0.23,0.02,0.02,hand_raise
0.17,-4.83,8.54,0.64,-0.46,-0.07,hand_raise
5.39,2.72,6.99,0.87,-1.32,0.97,hand_raise
10.12,4.74,2.12,0.58,-0.95,-0.52,hand_raise
8.16,5.55,2.1,-0.23,-0.02,-0.04,hand_raise
8.02,5.77,2.08,-0.22,-0.03,-0.06,hand_raise
7.95,5.86,1.96,-0.23,-0.01,-0.03,hand_raise
7.82,5.78,1.97,-0.23,-0.03,-0.04,hand_raise
7.88,5.93,1.97,-0.22,-0.03,-0.04,hand_raise
8.85,7.27,3.28,-1.62,1.52,-0.16,hand_raise
0.83,-3.31,8.24,-1.74,1.15,-0.58,hand_raise
-1.99,-6.65,7.09,-0.48,-0.06,-0.2,hand_raise
-1.44,-6.41,7.17,-0.28,-0.02,-0.05,hand_raise
-1.39,-6.42,7.14,-0.15,-0.12,-0.14,hand_raise
-1.49,-6.5,6.35,1.99,-0.94,0.35,hand_raise
6.17,4.76,6.3,0.9,-1.16,0.22,hand_raise
6.98,3.16,2.2,-0.21,-0.02,0.08,hand_raise
7.86,5.97,1.6,-0.23,-0.03,-0.03,hand_raise
7.92,5.98,1.7,-0.23,-0.03,-0.04,hand_raise
7.84,5.97,1.62,-0.22,-0.03,-0.02,hand_raise
9.41,7.38,1.57,-0.7,0.26,0.61,hand_raise
2.54,-0.15,7.65,-1.74,1.39,0.83,hand_raise
-2.05,-6.85,7.32,-0.11,-0.22,-0.14,hand_raise
-1.34,-5.59,7.75,-0.27,0.01,-0.11,hand_raise
-1.2,-5.61,7.77,-0.2,-0.08,-0.06,hand_raise
0.63,-3.15,8.45,1.33,-1.4,0.05,hand_raise
7.34,4.12,6.03,0.74,-1.17,0.29,hand_raise
7.86,6.02,1.83,-0.23,-0.02,-0.03,hand_raise
7.83,6.03,1.8,-0.23,-0.03,-0.03,hand_raise
7.85,6.05,1.82,-0.23,-0.03,-0.02,hand_raise
8.4,7.46,3.02,-1.78,1.3,-0.36,hand_raise
2.44,-0.07,9.07,-1.07,0.84,0.07,hand_raise
0.02,-3.82,8.9,-0.59,0.08,-0.47,hand_raise
0.24,-3.62,9.01,-0.23,-0.06,-0.03,hand_raise
0.29,-3.77,8.94,-0.23,-0.03,-0.04,hand_raise
0.31,-3.64,9.02,-0.22,-0.03,-0.03,hand_raise
0.68,-3.57,9.03,0.25,-0.17,-0.04,hand_raise
2.7,0.58,8.62,1.03,-0.62,0.03,hand_raise
9.0,4.02,3.22,0.75,-1.45,-0.29,hand_raise
7.73,5.65,1.86,-0.18,-0.02,-0.13,hand_raise
7.98,5.92,1.59,-0.23,-0.03,-0.03,hand_raise
7.96,6.08,1.46,-0.24,-0.03,-0.06,hand_raise
7.74,6.15,1.57,-0.23,-0.03,-0.09,hand_raise
9.29,8.02,1.71,-0.85,0.31,0.28,hand_raise
3.39,-0.4,6.84,-2.03,2.07,0.06,hand_raise
-4.17,-5.82,7.36,-0.96,0.45,-0.39,hand_raise
-1.79,-5.56,8.04,-0.11,-0.2,-0.23,hand_raise
-2.02,-5.44,7.89,-0.23,0.03,-0.07,hand_raise
-1.59,-5.54,7.72,-0.26,-0.03,-0.12,hand_raise
-2.42,-6.35,7.64,0.46,-0.81,-0.26,hand_raise
3.39,0.27,7.09,1.92,-1.31,-1.49,hand_raise
11.82,6.03,1.43,0.67,-0.95,-0.7,hand_raise
8.3,5.84,1.59,-0.21,-0.05,-0.05,hand_raise
8.14,5.77,1.74,-0.22,-0.03,-0.04,hand_raise
8.13,5.76,1.62,-0.22,-0.01,0.02,hand_raise
8.27,5.62,1.64,-0.23,-0.02,-0.04,hand_raise
8.26,5.54,1.61,-0.23,-0.03,-0.03,hand_raise
8.23,5.57,1.62,-0.23,-0.03,-0.04,hand_raise
6.56,3.81,4.78,-2.18,1.95,0.12,hand_raise
-2.52,-4.27,8.58,-1.04,1.05,-0.17,hand_raise
-1.14,-4.94,8.26,-0.05,-0.05,-0.02,hand_raise
-0.96,-4.64,8.47,-0.25,-0.03,-0.05,hand_raise
-0.79,-4.64,8.46,-0.24,-0.03,-0.03,hand_raise
-0.16,-4.33,8.77,0.43,-0.44,-0.05,hand_raise
4.05,5.33,6.53,2.14,-1.84,-0.9,hand_raise
7.18,4.35,1.95,-0.15,-0.01,-0.32,hand_raise
8.36,5.55,1.18,-0.23,-0.02,-0.02,hand_raise
8.21,5.63,1.19,-0.22,-0.02,-0.02,hand_raise
8.38,5.92,1.23,-0.22,-0.03,-0.09,hand_raise
8.28,5.61,1.23,-0.23,-0.02,-0.02,hand_raise
9.13,7.37,2.49,-2.22,1.52,0.51,hand_raise
2.41,-5.08,7.82,-1.58,1.05,-0.05,hand_raise
2.79,-5.28,7.74,-0.17,-0.18,-0.12,hand_raise
3.04,-5.4,7.66,-0.22,-0.03,0.01,hand_raise
3.02,-5.48,7.65,-0.24,-0.04,0.0,hand_raise
3.12,-5.37,7.66,-0.22,-0.04,-0.05,hand_raise
3.5,-5.14,7.76,-0.04,-0.05,0.02,hand_raise
3.21,-5.04,7.79,0.56,-0.39,-0.12,hand_raise
6.48,1.25,6.68,1.27,-0.98,0.36,hand_raise
9.66,5.37,1.83,0.36,0.18,-0.26,hand_raise
8.45,4.9,2.4,-0.24,-0.05,-0.17,hand_raise
-0.5,-3.52,8.67,-0.56,0.43,-0.31,hand_raise
0.2,-3.85,8.91,-0.18,-0.3,0.08,hand_raise
0.34,-3.82,9.09,-0.19,-0.1,-0.02,hand_raise
0.2,-3.92,9.0,-0.2,-0.06,-0.07,hand_raise
1.25,-3.23,8.96,-0.31,-0.06,-0.08,hand_raise
2.68,-2.07,9.36,-0.26,0.19,0.2,hand_raise
2.16,-0.93,9.53,0.42,-0.57,0.2,hand_raise
2.47,-0.0,8.9,0.41,-0.93,0.03,hand_raise
8.01,4.55,3.86,0.42,-1.06,-1.28,hand_raise
8.31,6.21,2.07,-0.18,0.02,-0.24,hand_raise
8.07,5.68,2.12,-0.23,-0.03,-0.04,hand_raise
7.86,5.9,2.08,-0.21,0.02,-0.08,hand_raise
7.94,5.81,1.98,-0.23,-0.02,-0.02,hand_raise
7.91,5.91,2.08,-0.23,-0.02,-0.01,hand_raise
7.75,5.89,1.94,-0.23,-0.08,0.01,hand_raise
3.04,-1.3,4.42,-2.37,2.88,1.53,hand_raise
-1.73,-5.97,7.84,-0.69,0.77,-0.09,hand_raise
-1.16,-5.63,7.94,-0.28,0.06,-0.07,hand_raise
-1.03,-5.54,7.93,-0.23,-0.01,-0.06,hand_raise
-1.1,-5.57,7.93,-0.22,-0.01,-0.1,hand_raise
4.31,2.99,4.88,2.58,-4.34,1.55,hand_raise
5.85,3.98,0.85,-0.44,0.05,-0.1,hand_raise
8.93,4.49,1.28,-0.23,-0.02,-0.04,hand_raise
7.48,6.34,2.04,-0.23,-0.02,-0.02,hand_raise
7.49,6.34,2.05,-0.23,-0.02,-0.03,hand_raise
7.49,6.44,2.08,-0.23,-0.02,-0.04,hand_raise
7.5,6.38,2.04,-0.23,-0.02,-0.03,hand_raise
7.51,6.37,2.0,-0.23,-0.03,-0.02,hand_raise
7.48,6.44,2.05,-0.23,-0.02,-0.04,hand_raise
7.5,6.32,2.04,-0.23,-0.02,-0.0,hand_raise
7.39,6.4,2.13,-0.23,0.0,-0.03,hand_raise
7.56,6.12,2.05,-0.25,-0.01,0.07,hand_raise
7.56,6.55,1.94,-0.24,-0.03,-0.0,hand_raise
4.97,2.68,5.42,-2.52,2.22,0.44,hand_raise
-1.93,-6.44,7.64,-0.33,0.01,0.03,hand_raise
0.09,-3.88,8.89,-0.35,0.04,-0.03,hand_raise
-0.1,-3.77,8.99,-0.24,-0.04,-0.1,hand_raise
-0.47,-4.39,8.82,0.08,-0.34,-0.04,hand_raise
2.39,2.63,7.93,1.62,-1.22,0.55,hand_raise
7.58,6.39,1.67,-0.23,-0.02,-0.02,hand_raise
7.58,6.39,1.67,-0.23,-0.02,-0.03,hand_raise
7.55,6.43,1.67,-0.23,-0.02,-0.03,hand_raise
9.24,7.89,3.05,-1.35,1.23,-0.62,hand_raise
1.78,-0.82,8.72,-1.49,0.8,-0.02,hand_raise
-1.18,-5.57,8.11,-0.94,0.45,-0.34,hand_raise
-0.62,-5.33,8.03,-0.25,-0.0,-0.04,hand_raise
-0.57,-5.37,8.01,-0.23,-0.02,-0.01,hand_raise
-0.61,-5.51,7.98,-0.23,-0.03,-0.04,hand_raise
-0.42,-5.45,8.07,-0.21,-0.04,-0.04,hand_raise
-0.38,-5.56,7.97,-0.22,-0.05,-0.08,hand_raise
-0.34,-5.38,8.12,-0.23,-0.04,-0.04,hand_raise
3.94,2.81,5.74,2.67,-1.72,0.77,hand_raise
7.74,5.25,2.21,-0.36,-0.28,0.16,hand_raise
8.31,5.3,1.92,-0.22,-0.02,-0.04,hand_raise
8.21,5.56,1.86,-0.23,-0.02,-0.04,hand_raise
8.17,5.55,1.84,-0.23,-0.02,-0.03,hand_raise
8.09,5.74,1.75,-0.23,-0.02,-0.03,hand_raise
8.07,5.74,1.72,-0.23,-0.02,-0.03,hand_raise
8.11,5.74,1.71,-0.23,-0.02,-0.03,hand_raise
9.67,7.09,1.87,-0.71,0.29,0.46,hand_raise
4.03,-0.12,7.46,-1.57,1.46,-0.48,hand_raise
-0.14,-3.19,9.21,-0.7,0.37,-0.02,hand_raise
-0.07,-3.72,9.03,-0.24,0.04,-0.33,hand_raise
-0.62,-4.36,9.0,-0.22,-0.09,-0.17,hand_raise
3.0,-0.42,8.49,1.02,-0.96,-0.07,hand_raise
7.98,5.73,3.56,0.44,-0.81,0.97,hand_raise
7.83,5.36,1.87,-0.2,-0.02,-0.11,hand_raise
7.89,5.97,1.79,-0.23,-0.02,-0.03,hand_raise
7.92,5.97,1.74,-0.23,-0.02,-0.03,hand_raise
7.91,5.95,1.71,-0.23,-0.02,-0.03,hand_raise
7.93,6.02,1.7,-0.23,-0.02,-0.01,hand_raise
7.89,6.01,1.65,-0.23,-0.02,-0.02,hand_raise
7.92,5.99,1.65,-0.23,-0.03,-0.02,hand_raise
8.11,6.44,1.62,-0.32,0.03,0.11,hand_raise
4.8,2.27,6.46,-1.92,1.4,0.23,hand_raise
-0.42,-2.9,9.05,-1.19,0.7,-0.19,hand_raise
-0.59,-4.37,8.51,-0.27,-0.03,-0.04,hand_raise
-0.73,-4.72,8.42,-0.26,-0.01,-0.06,hand_raise
-0.69,-4.28,8.61,0.64,-0.45,0.02,hand_raise
2.99,2.69,8.15,1.25,-1.07,0.24,hand_raise
10.61,6.13,1.68,-0.32,0.35,-0.42,hand_raise
7.82,5.97,1.75,-0.22,-0.02,-0.02,hand_raise
7.87,6.07,1.69,-0.23,-0.02,-0.03,hand_raise
7.69,6.36,1.6,-0.23,-0.02,-0.02,hand_raise
8.77,7.34,1.74,-0.66,0.36,-0.21,hand_raise
5.17,1.85,7.2,-1.59,1.15,0.05,hand_raise
0.28,-2.52,9.21,-0.94,0.51,-0.23,hand_raise
0.17,-3.99,8.86,-0.3,-0.0,-0.08,hand_raise
-0.0,-4.2,8.78,-0.22,-0.03,-0.04,hand_raise
-0.05,-4.22,8.88,0.25,-0.4,-0.12,hand_raise
2.93,1.23,9.24,0.74,-0.82,0.68,hand_raise
7.06,3.82,6.06,0.58,-1.0,0.27,hand_raise
6.85,4.61,2.29,-0.11,-0.13,-0.34,hand_raise
7.92,5.92,1.99,-0.23,-0.02,-0.04,hand_raise
7.98,5.99,1.64,-0.23,-0.02,-0.03,hand_raise
7.95,6.01,1.65,-0.23,-0.03,-0.02,hand_raise
7.97,5.96,1.65,-0.23,-0.02,-0.02,hand_raise
7.94,6.0,1.66,-0.23,-0.02,-0.02,hand_raise
9.84,8.11,1.48,-0.85,0.4,-0.07,hand_raise
3.33,-0.31,8.15,-1.55,0.94,0.09,hand_raise
0.11,-3.46,9.13,-0.73,0.31,-0.13,hand_raise
0.35,-4.12,8.86,-0.28,-0.04,-0.11,hand_raise
0.98,-3.94,8.49,-0.2,-0.13,-0.05,hand_raise
1.67,-3.05,8.83,0.83,-0.57,-0.29,hand_raise
4.37,3.83,7.34,0.99,-0.82,0.29,hand_raise
8.16,4.41,3.05,0.74,-1.12,0.15,hand_raise
8.54,5.54,2.3,-0.19,-0.02,-0.06,hand_raise
7.74,6.19,1.84,-0.23,-0.02,-0.02,hand_raise
7.69,6.18,1.81,-0.23,-0.03,-0.03,hand_raise
7.73,6.18,1.81,-0.23,-0.02,-0.02,hand_raise
7.72,6.21,1.8,-0.23,-0.02,-0.02,hand_raise
8.64,6.42,3.09,-1.62,1.5,-0.01,hand_raise
0.77,-1.84,8.71,-1.55,1.25,-0.14,hand_raise
-0.87,-4.7,8.44,-0.1,-0.22,0.01,hand_raise
-1.1,-4.74,8.4,-0.2,-0.06,-0.02,hand_raise
-1.31,-4.81,8.37,0.55,-0.62,0.25,hand_raise
4.18,3.74,7.86,1.29,-1.17,0.58,hand_raise
8.56,4.55,3.81,0.43,-0.96,-0.01,hand_raise
8.12,5.37,1.97,-0.23,-0.0,-0.08,hand_raise
8.06,5.76,1.89,-0.23,-0.02,-0.02,hand_raise
8.06,5.81,1.84,-0.23,-0.03,-0.03,hand_raise
8.09,5.77,1.85,-0.23,-0.02,-0.03,hand_raise
8.01,5.97,3.92,-1.71,1.57,-0.26,hand_raise
0.3,-1.81,9.24,-1.12,0.74,-0.5,hand_raise
-0.58,-4.65,8.62,-0.36,0.06,-0.08,hand_raise
-0.28,-4.22,8.72,-0.22,-0.03,-0.03,hand_raise
-0.32,-4.32,8.7,-0.25,-0.01,-0.04,hand_raise
-0.26,-4.54,8.56,0.84,-0.57,-0.24,hand_raise
7.61,5.48,5.13,1.24,-2.06,0.92,hand_raise
8.44,5.44,1.75,-0.3,-0.04,-0.0,hand_raise
8.2,5.58,1.98,-0.23,-0.03,-0.03,hand_raise
8.16,5.53,1.97,-0.23,-0.03,-0.03,hand_raise
8.36,5.41,1.71,-0.23,-0.03,-0.02,hand_raise
8.35,5.35,1.71,-0.23,-0.02,-0.03,hand_raise
8.37,5.34,1.72,-0.23,-0.02,-0.03,hand_raise
8.38,5.37,1.74,-0.23,-0.02,-0.03,hand_raise
11.2,6.05,1.86,-0.86,0.91,0.02,hand_raise
1.69,-1.45,8.94,-1.37,1.02,-0.35,hand_raise
0.64,-4.39,8.81,-0.51,0.07,-0.02,hand_raise
0.64,-4.28,8.76,-0.28,-0.01,-0.05,hand_raise
0.89,-4.57,8.64,-0.22,-0.04,0.01,hand_raise
1.35,-3.12,8.91,0.83,-0.47,-0.03,hand_raise
5.22,2.35,7.5,0.72,-1.04,0.1,hand_raise
8.62,3.83,3.66,0.31,-0.69,-0.36,hand_raise
8.29,5.7,1.55,-0.25,-0.03,-0.06,hand_raise
8.08,5.81,1.69,-0.23,-0.02,-0.02,hand_raise
8.02,5.83,1.69,-0.23,-0.01,-0.03,hand_raise
8.06,5.84,1.64,-0.23,-0.02,-0.02,hand_raise
8.09,5.83,1.66,-0.23,-0.03,-0.03,hand_raise
3.91,0.05,5.39,-2.61,2.05,-0.5,hand_raise
-0.3,-4.57,8.8,-0.81,0.27,-0.26,hand_raise
0.57,-4.42,8.66,-0.26,-0.0,-0.05,hand_raise
0.54,-4.61,8.61,-0.23,-0.02,-0.04,hand_raise
1.11,-3.05,8.6,1.14,-0.69,0.02,hand_raise
6.37,2.65,6.36,0.71,-0.91,0.15,hand_raise
8.28,5.51,2.53,0.3,-0.94,0.12,hand_raise
8.71,5.58,1.72,-0.22,0.01,-0.08,hand_raise
8.35,5.46,1.62,-0.23,-0.02,-0.03,hand_raise
8.36,5.47,1.57,-0.23,-0.02,-0.03,hand_raise
8.38,5.42,1.56,-0.23,-0.03,-0.03,hand_raise
8.14,4.59,3.68,-1.62,1.48,0.31,hand_raise
0.8,-3.13,8.77,-1.57,0.78,-0.49,hand_raise
0.18,-4.93,8.2,-0.43,0.01,-0.07,hand_raise
-0.03,-5.83,7.72,-0.14,-0.15,-0.0,hand_raise
-0.5,-7.86,7.31,0.14,-0.02,-0.11,hand_raise
6.33,4.2,6.26,1.57,-1.61,1.57,hand_raise
7.35,4.04,2.07,-0.32,-0.02,-0.09,hand_raise
8.26,5.41,2.08,-0.22,-0.04,-0.03,hand_raise
8.25,5.37,2.04,-0.23,-0.03,-0.01,hand_raise
8.23,5.41,2.01,-0.23,-0.02,-0.03,hand_raise
8.28,5.42,1.98,-0.23,-0.03,-0.03,hand_raise
8.01,5.88,1.74,-0.23,-0.02,-0.03,hand_raise
7.99,5.89,1.76,-0.23,-0.02,-0.02,hand_raise
9.13,7.02,2.06,-0.77,0.36,-0.31,hand_raise
3.22,1.35,7.5,-1.96,1.22,0.01,hand_raise
0.63,-3.25,8.98,-1.05,0.28,-0.37,hand_raise
-0.01,-4.9,8.42,-0.31,-0.01,-0.08,hand_raise
0.1,-4.78,8.47,-0.24,-0.01,-0.04,hand_raise
0.12,-4.82,8.47,-0.25,-0.01,-0.03,hand_raise
0.18,-4.25,8.79,0.14,-0.13,-0.01,hand_raise
1.92,-0.06,9.08,1.02,-0.48,-0.15,hand_raise
4.91,4.38,7.37,0.7,-0.75,0.24,hand_raise
7.0,5.13,4.71,0.34,-0.5,0.2,hand_raise
8.16,5.56,2.04,-0.23,-0.03,-0.03,hand_raise
8.12,5.56,2.04,-0.23,-0.02,-0.03,hand_raise
8.17,5.6,2.04,-0.23,-0.02,-0.03,hand_raise
8.09,5.83,4.25,-1.84,1.69,-0.33,hand_raise
-1.27,-4.76,8.51,-1.06,0.58,-0.45,hand_raise
-0.24,-3.99,8.85,-0.23,-0.05,-0.04,hand_raise
-0.12,-4.12,8.82,-0.22,-0.02,-0.02,hand_raise
-0.04,-4.05,8.81,-0.21,-0.03,-0.01,hand_raise
-0.11,-4.07,8.81,-0.22,-0.04,-0.04,hand_raise
0.23,-3.14,9.02,0.6,-0.21,0.1,hand_raise
5.09,5.57,7.79,0.88,-1.54,1.72,hand_raise
8.73,4.56,2.91,0.29,-1.01,0.06,hand_raise
8.0,5.67,1.7,-0.2,-0.01,-0.11,hand_raise
8.03,5.86,1.63,-0.23,-0.02,-0.03,hand_raise
8.04,5.85,1.61,-0.23,-0.02,-0.02,hand_raise
8.04,5.86,1.59,-0.23,-0.03,-0.03,hand_raise
7.99,5.91,1.54,-0.23,-0.02,-0.03,hand_raise
7.98,5.92,1.53,-0.23,-0.02,-0.02,hand_raise
8.01,5.9,1.52,-0.23,-0.02,-0.02,hand_raise
8.36,6.06,1.59,-0.43,0.09,-0.09,hand_raise
5.46,4.61,6.13,-1.56,0.99,0.2,hand_raise
1.37,-1.34,9.29,-1.11,0.57,-0.22,hand_raise
0.12,-4.07,8.91,-0.45,0.03,-0.18,hand_raise
0.41,-3.84,8.95,-0.25,-0.02,-0.06,hand_raise
0.51,-3.93,8.92,-0.2,-0.04,-0.05,hand_raise
0.81,-2.76,9.25,0.34,-0.19,-0.03,hand_raise
2.59,1.65,8.82,0.7,-0.67,0.49,hand_raise
7.34,6.72,4.58,0.43,-0.77,0.78,hand_raise
8.36,5.94,2.27,-0.08,-0.15,-0.13,hand_raise
8.04,5.74,2.1,-0.23,-0.02,-0.04,hand_raise
7.99,5.81,1.87,-0.23,-0.03,-0.03,hand_raise
7.97,5.83,1.88,-0.23,-0.03,-0.03,hand_raise
7.95,5.86,1.91,-0.23,-0.02,-0.03,hand_raise
7.96,5.82,1.93,-0.24,-0.02,-0.02,hand_raise
8.79,6.12,2.09,-0.48,0.17,0.04,hand_raise
6.45,5.28,6.14,-1.59,0.99,-0.12,hand_raise
0.6,-1.97,9.09,-1.23,0.72,-0.52,hand_raise
0.17,-5.25,8.27,-0.51,0.08,-0.22,hand_raise
0.14,-5.29,8.14,-0.24,-0.01,-0.06,hand_raise
0.14,-5.31,8.12,-0.23,-0.04,-0.03,hand_raise
0.2,-5.35,8.12,-0.23,-0.02,-0.04,hand_raise
0.23,-5.19,8.21,-0.21,-0.02,-0.02,hand_raise
0.89,-5.08,8.31,0.17,-0.13,-0.06,hand_raise
0.96,-2.04,9.11,0.75,-0.15,0.19,hand_raise
3.29,4.08,8.24,0.86,-0.64,0.33,hand_raise
7.56,5.04,4.23,0.3,-1.04,0.58,hand_raise
8.08,5.88,1.32,-0.27,-0.04,0.03,hand_raise
7.89,6.06,1.57,-0.23,-0.02,-0.02,hand_raise
7.89,6.05,1.58,-0.23,-0.02,-0.03,hand_raise
0.34,-5.38,8.4,-0.87,0.21,-0.76,hand_raise
0.8,-4.86,8.45,-0.26,-0.01,-0.05,hand_raise
0.85,-4.83,8.42,-0.24,-0.04,-0.03,hand_raise
0.95,-4.85,8.42,-0.21,-0.02,-0.04,hand_raise
1.02,-4.76,8.49,-0.23,-0.01,-0.02,hand_raise
0.98,-4.8,8.45,-0.23,-0.02,-0.04,hand_raise
0.93,-4.73,8.48,-0.24,-0.04,-0.03,hand_raise
1.06,-4.73,8.45,-0.23,-0.03,-0.03,hand_raise
1.03,-4.66,8.49,-0.23,-0.01,-0.02,hand_raise
1.13,-5.45,8.32,0.15,-0.02,-0.27,hand_raise
1.93,1.95,9.18,1.02,-0.56,0.85,hand_raise
5.77,6.28,5.98,0.82,-0.74,0.18,hand_raise
9.48,8.23,2.43,-0.04,0.36,-0.71,hand_raise
8.05,5.39,2.31,-0.22,-0.03,-0.02,hand_raise
8.19,5.14,2.3,-0.25,-0.05,-0.03,hand_raise
8.11,5.49,2.27,-0.22,-0.01,-0.06,hand_raise
8.09,5.65,2.01,-0.23,-0.02,-0.03,hand_raise
8.06,5.68,2.05,-0.23,-0.02,-0.02,hand_raise
9.24,6.33,1.98,-0.57,0.11,0.27,hand_raise
3.85,0.95,7.27,-1.95,1.39,-0.11,hand_raise
0.23,-3.45,9.16,-0.95,0.42,-0.02,hand_raise
-0.37,-6.29,7.81,-0.45,-0.02,0.19,hand_raise
-0.09,-5.76,7.83,-0.23,-0.01,-0.04,hand_raise
-0.22,-5.78,7.87,-0.19,-0.01,-0.02,hand_raise
-0.09,-4.76,8.41,-0.13,-0.05,-0.02,hand_raise
-0.07,-5.72,8.12,0.52,-0.07,-0.14,hand_raise
1.83,4.88,8.05,1.45,-0.68,0.58,hand_raise
7.23,5.26,4.07,0.19,-0.84,0.26,hand_raise
8.5,6.21,1.75,-0.14,-0.06,-0.13,hand_raise
8.1,5.82,1.61,-0.23,-0.02,-0.04,hand_raise
7.99,5.88,1.57,-0.23,-0.02,-0.02,hand_raise
8.0,5.91,1.59,-0.23,-0.03,-0.03,hand_raise
8.01,5.93,1.54,-0.23,-0.02,-0.03,hand_raise
9.8,8.16,2.88,-1.77,1.0,0.29,hand_raise
1.4,-0.65,9.53,-0.77,0.58,0.18,hand_raise
1.29,-1.72,9.51,-0.2,-0.04,-0.06,hand_raise
1.3,-1.66,9.54,-0.21,-0.01,-0.03,hand_raise
1.3,-1.65,9.54,-0.24,-0.01,-0.02,hand_raise
1.39,-1.64,9.52,-0.23,-0.03,-0.02,hand_raise
1.88,-0.89,8.95,0.82,-0.5,0.02,hand_raise
6.49,2.98,6.3,0.75,-1.09,0.5,hand_raise
8.34,4.5,2.2,0.59,-0.63,-0.5,hand_raise
8.06,5.95,1.61,-0.23,-0.02,-0.02,hand_raise
7.99,5.9,1.67,-0.23,-0.02,-0.03,hand_raise
7.99,5.9,1.65,-0.23,-0.03,-0.02,hand_raise
7.98,5.95,1.6,-0.23,-0.02,-0.03,hand_raise
7.95,5.97,1.6,-0.23,-0.02,-0.03,hand_raise
8.33,6.49,1.47,-0.27,-0.04,0.06,hand_raise
3.43,0.5,6.85,-1.96,1.84,-0.68,hand_raise
-0.16,-2.46,9.46,-0.58,0.19,-0.22,hand_raise
0.34,-2.19,9.48,-0.26,-0.03,-0.01,hand_raise
0.36,-2.31,9.43,-0.27,-0.0,-0.03,hand_raise
0.35,-2.31,9.44,-0.23,-0.04,-0.03,hand_raise
0.4,-2.28,9.47,-0.24,-0.02,-0.03,hand_raise
0.51,-2.32,9.44,-0.23,-0.03,-0.03,hand_raise
0.42,-2.31,9.45,0.01,-0.11,-0.06,hand_raise
3.18,1.64,8.55,0.98,-1.26,0.76,hand_raise
8.04,4.25,4.17,0.29,-1.06,-0.18,hand_raise
7.55,5.42,1.98,-0.12,-0.07,-0.22,hand_raise
8.16,5.7,1.5,-0.23,-0.02,-0.04,hand_raise
8.2,5.71,1.5,-0.23,-0.02,-0.02,hand_raise
8.16,5.73,1.46,-0.24,-0.02,-0.04,hand_raise
8.15,5.77,1.5,-0.23,-0.02,-0.02,hand_raise
7.73,6.08,2.09,-0.23,-0.02,-0.03,hand_raise
7.76,6.12,2.11,-0.23,-0.03,-0.02,hand_raise
7.72,6.07,2.13,-0.23,-0.02,-0.02,hand_raise
7.75,6.05,2.09,-0.23,-0.03,-0.02,hand_raise
7.71,6.1,2.11,-0.23,-0.02,-0.03,hand_raise
7.72,6.07,2.09,-0.23,-0.03,-0.01,hand_raise
8.13,6.6,2.02,-0.31,-0.04,0.03,hand_raise
0.38,-2.06,7.55,-2.19,1.6,0.1,hand_raise
-3.1,-6.7,6.84,-0.59,0.09,-0.16,hand_raise
-2.73,-6.12,6.92,-0.34,0.0,-0.0,hand_raise
-2.6,-5.38,7.39,1.08,-1.55,0.35,hand_raise
6.76,1.66,7.64,0.85,-1.99,0.48,hand_raise
9.34,4.36,2.15,0.54,-0.89,-0.4,hand_raise
8.19,5.7,1.74,-0.23,-0.03,-0.02,hand_raise
8.14,5.68,1.7,-0.23,-0.03,-0.03,hand_raise
8.28,6.0,1.68,-0.25,-0.04,0.02,hand_raise
3.96,1.05,6.68,-2.25,1.81,-0.24,hand_raise
0.42,-5.92,8.15,-0.87,0.23,-0.29,hand_raise
0.55,-5.38,8.13,-0.26,-0.01,-0.05,hand_raise
0.51,-5.47,8.05,-0.23,-0.02,-0.05,hand_raise
-0.23,-7.26,7.66,0.43,-0.22,-0.11,hand_raise
6.82,5.55,4.53,1.64,-2.0,0.63,hand_raise
9.61,5.22,1.49,-0.15,-0.01,-0.18,hand_raise
8.6,5.1,1.6,-0.23,-0.02,-0.03,hand_raise
8.55,5.08,1.61,-0.23,-0.02,-0.02,hand_raise
8.92,5.4,1.52,-0.25,-0.04,0.01,hand_raise
4.41,0.39,6.31,-1.82,1.95,-0.0,hand_raise
-0.41,-4.15,8.92,-0.73,0.39,-0.07,hand_raise
-0.15,-3.97,8.84,-0.23,-0.04,-0.09,hand_raise
-0.23,-4.08,8.85,-0.21,-0.04,-0.03,hand_raise
2.14,-0.46,8.82,1.0,-1.05,0.37,hand_raise
7.37,3.05,6.39,0.61,-0.81,0.02,hand_raise
11.66,8.97,1.94,-1.37,1.1,-0.5,hand_raise
-1.42,-4.99,8.07,-1.77,1.25,-0.07,hand_raise
-1.25,-4.89,8.19,-0.02,-0.17,-0.0,hand_raise
-1.27,-5.11,8.19,-0.24,0.01,-0.02,hand_raise
-1.28,-5.13,8.16,-0.13,-0.09,-0.02,hand_raise
-0.91,-4.85,8.4,-0.0,-0.24,-0.09,hand_raise
0.58,-1.89,8.29,1.43,-1.16,-0.08,hand_raise
8.56,4.24,4.58,0.13,-0.82,0.03,hand_raise
8.12,5.98,2.27,0.01,-0.05,-0.35,hand_raise
8.08,5.57,1.94,-0.23,-0.02,-0.04,hand_raise
8.12,5.65,1.94,-0.23,-0.02,-0.03,hand_raise
8.08,5.66,1.92,-0.23,-0.03,-0.03,hand_raise
8.1,5.67,1.89,-0.23,-0.02,-0.03,hand_raise
8.54,5.22,1.35,-0.23,-0.02,-0.03,hand_raise
8.52,5.23,1.39,-0.23,-0.02,-0.03,hand_raise
10.4,6.57,1.61,-1.37,1.11,0.4,hand_raise
2.2,-1.96,7.89,-1.98,1.6,0.06,hand_raise
-1.4,-6.89,7.16,-0.14,0.01,-0.02,hand_raise
-0.8,-6.18,7.42,-0.19,-0.09,-0.07,hand_raise
-1.36,-7.18,7.15,-0.01,-0.09,-0.1,hand_raise
4.39,0.37,7.25,1.4,-1.72,0.06,hand_raise
20.2,9.53,-2.14,-0.11,0.15,-0.94,hand_raise
9.18,4.39,1.56,-0.2,-0.06,0.02,hand_raise
8.37,5.26,1.89,-0.22,-0.02,-0.07,hand_raise
8.35,5.36,1.92,-0.23,-0.02,-0.02,hand_raise
8.34,5.38,1.87,-0.23,-0.03,-0.03,hand_raise
8.41,5.31,1.87,-0.23,-0.02,-0.01,hand_raise
8.36,5.36,1.91,-0.23,-0.01,-0.07,hand_raise
8.32,5.41,1.94,-0.23,-0.03,-0.03,hand_raise
9.25,5.79,1.7,-0.36,-0.17,-0.0,hand_raise
2.75,1.55,7.22,-2.12,2.38,-0.35,hand_raise
-4.17,-6.35,6.86,-0.37,0.15,-0.22,hand_raise
-3.23,-5.91,7.15,-0.28,0.05,-0.08,hand_raise
-2.99,-5.53,7.27,-0.23,0.02,-0.0,hand_raise
-3.22,-5.36,6.7,1.29,-1.29,0.16,hand_raise
7.75,4.86,6.64,0.85,-1.51,0.21,hand_raise
7.8,3.26,2.72,-0.15,-0.1,-0.07,hand_raise
8.91,3.96,2.51,-0.22,-0.02,-0.04,hand_raise
9.35,3.41,1.85,-0.23,-0.03,-0.02,hand_raise
9.31,3.43,1.86,-0.23,-0.02,-0.02,hand_raise
9.34,3.42,1.83,-0.23,-0.02,-0.02,hand_raise
9.97,3.37,1.96,-0.37,0.11,0.03,hand_raise
8.84,2.37,5.58,-1.1,1.0,0.55,hand_raise
-0.66,-2.4,7.28,-0.59,1.72,0.31,hand_raise
-5.6,-4.67,6.99,-0.23,-0.11,-0.04,hand_raise
0.09,-3.43,9.05,0.07,-0.81,-0.24,hand_raise
-1.17,-3.79,8.85,-0.28,0.11,-0.07,hand_raise
-2.23,-4.27,8.08,-0.25,-0.63,-0.46,hand_raise
10.82,0.28,4.14,0.49,-1.6,-0.36,hand_raise
7.49,2.68,1.63,-0.03,-0.12,0.14,hand_raise
9.78,2.16,1.9,-0.21,-0.04,-0.04,hand_raise
9.74,2.31,1.95,-0.23,-0.01,-0.05,hand_raise
9.65,2.26,2.07,-0.22,-0.0,-0.04,hand_raise
9.6,2.52,2.17,-0.24,-0.03,-0.0,hand_raise
9.61,2.47,2.17,-0.22,-0.02,-0.05,hand_raise
9.57,2.36,2.14,-0.23,-0.02,-0.03,hand_raise
9.56,2.47,2.18,-0.22,-0.02,-0.05,hand_raise
9.72,2.32,2.29,-0.23,-0.04,0.01,hand_raise
9.45,3.13,1.91,-0.23,-0.02,-0.03,hand_raise
9.44,3.08,1.9,-0.23,-0.03,-0.02,hand_raise
9.43,3.11,1.9,-0.23,-0.02,-0.02,hand_raise
12.0,4.96,2.12,-0.71,0.54,0.54,hand_raise
6.49,-0.34,6.36,-0.43,1.3,0.71,hand_raise
-0.79,-4.37,8.61,-0.9,0.7,0.13,hand_raise
-2.26,-5.43,7.79,-0.28,0.02,-0.0,hand_raise
-2.19,-5.37,7.76,-0.32,0.05,-0.02,hand_raise
-2.55,-5.72,7.36,-0.3,0.05,0.0,hand_raise
-2.35,-5.68,7.33,-0.19,0.03,-0.09,hand_raise
-3.32,-6.01,6.9,-0.11,-0.64,-0.11,hand_raise
2.05,-1.07,6.86,0.4,-1.3,-0.16,hand_raise
10.42,3.41,4.58,0.62,-1.12,-0.43,hand_raise
9.82,3.34,3.51,-0.22,0.01,-0.07,hand_raise
9.11,3.73,2.76,-0.18,-0.06,-0.15,hand_raise
9.02,3.43,2.66,-0.26,-0.03,0.07,hand_raise
8.67,4.74,1.98,-0.23,-0.02,-0.03,hand_raise
8.7,4.77,2.01,-0.23,-0.02,-0.02,hand_raise
8.67,4.77,2.02,-0.23,-0.02,-0.03,hand_raise
8.67,4.75,1.97,-0.23,-0.03,-0.02,hand_raise
10.48,6.67,3.88,-2.09,1.73,0.38,hand_raise
-0.14,-3.11,8.07,-0.59,0.96,0.64,hand_raise
-5.21,-5.22,6.5,-0.76,0.3,-0.12,hand_raise
-4.58,-5.52,6.4,-0.28,0.01,0.06,hand_raise
-4.64,-5.47,6.29,-0.25,-0.09,-0.09,hand_raise
-4.57,-5.26,6.24,-0.24,-0.2,0.01,hand_raise
-1.21,-3.69,7.2,0.59,-1.64,-0.44,hand_raise
10.71,4.16,4.13,1.05,-1.45,-0.86,hand_raise
9.07,4.81,3.27,-0.25,-0.21,-0.07,hand_raise
8.99,3.85,2.71,-0.2,-0.02,-0.07,hand_raise
9.01,3.66,2.63,-0.23,-0.03,-0.05,hand_raise
8.95,3.92,2.54,-0.23,-0.03,-0.02,hand_raise
8.94,3.96,2.55,-0.23,-0.02,-0.04,hand_raise
8.93,4.0,2.56,-0.23,-0.02,-0.01,hand_raise
11.79,6.61,4.24,-1.28,1.5,-0.08,hand_raise
0.02,-2.37,7.08,-1.42,1.5,1.01,hand_raise
-4.67,-6.46,6.18,-0.4,0.33,0.04,hand_raise
-3.83,-5.15,6.86,-0.24,-0.02,-0.03,hand_raise
-5.82,-6.1,5.42,0.08,-0.79,-0.48,hand_raise
9.84,3.62,5.57,1.23,-2.36,-0.9,hand_raise
8.05,4.92,2.77,-0.37,-0.23,-0.22,hand_raise
7.93,6.0,2.55,-0.3,-0.18,0.33,hand_raise
7.8,5.85,2.58,-0.22,-0.02,-0.06,hand_raise
8.65,4.68,2.3,-0.23,-0.03,-0.02,hand_raise
8.66,4.68,2.29,-0.23,-0.02,-0.03,hand_raise
8.66,4.8,2.32,-0.23,-0.02,-0.04,hand_raise
9.27,5.77,3.02,-1.59,1.27,0.29,hand_raise
0.79,-1.4,7.52,-0.51,1.56,0.1,hand_raise
-3.03,-5.9,7.49,-1.04,0.34,-0.77,hand_raise
-2.4,-5.75,7.36,-0.2,-0.19,0.08,hand_raise
-4.71,-7.25,6.21,0.22,-0.17,-0.17,hand_raise
3.23,1.74,6.27,1.41,-1.5,-1.72,hand_raise
14.05,6.67,3.18,-0.27,-0.26,1.03,hand_raise
9.0,3.11,2.85,-0.21,-0.03,-0.11,hand_raise
8.9,3.93,2.65,-0.23,-0.02,-0.03,hand_raise
8.89,3.96,2.64,-0.23,-0.02,-0.03,hand_raise
8.89,3.9,2.61,-0.23,-0.03,-0.03,hand_raise
13.02,7.18,3.47,-0.8,0.7,0.3,hand_raise
2.2,-2.18,6.47,-0.85,1.6,1.08,hand_raise
-3.04,-3.84,7.68,-0.62,1.07,0.09,hand_raise
-3.66,-4.47,7.83,-0.23,0.08,0.04,hand_raise
-4.89,-4.69,6.55,-0.17,-0.13,-0.08,hand_raise
-4.97,-4.56,6.64,-0.28,0.05,-0.03,hand_raise
-5.16,-4.65,6.51,-0.18,-0.08,-0.01,hand_raise
-4.14,-4.18,5.32,0.49,-2.05,-0.56,hand_raise
8.62,0.13,3.96,0.21,-1.49,-1.36,hand_raise
8.8,6.19,3.47,-0.7,-0.44,0.54,hand_raise
8.55,4.59,2.61,-0.22,-0.02,-0.04,hand_raise
8.51,4.72,2.54,-0.23,-0.02,-0.03,hand_raise
8.48,4.78,2.54,-0.23,-0.02,-0.03,hand_raise
8.47,4.84,2.52,-0.23,-0.02,-0.04,hand_raise
8.48,4.81,2.56,-0.23,-0.02,-0.02,hand_raise
8.48,4.83,2.54,-0.23,-0.02,-0.03,hand_raise
8.44,4.76,2.55,-0.23,-0.03,-0.02,hand_raise
8.46,4.82,2.52,-0.23,-0.02,-0.03,hand_raise
8.46,4.87,2.53,-0.23,-0.02,-0.03,hand_raise
8.45,4.85,2.54,-0.23,-0.02,-0.03,hand_raise
7.69,5.44,5.22,-1.76,1.33,1.1,hand_raise
-0.61,-3.92,8.19,-0.7,0.71,0.18,hand_raise
-4.73,-5.6,7.15,-0.56,0.4,0.12,hand_raise
-3.47,-4.77,7.34,-0.21,0.01,0.0,hand_raise
-0.86,-4.07,5.84,0.93,-2.04,-1.15,hand_raise
10.79,3.06,3.99,0.57,-1.32,-0.85,hand_raise
9.86,5.62,2.83,0.03,0.09,-0.67,hand_raise
8.64,4.7,2.42,-0.23,-0.02,-0.04,hand_raise
8.59,4.64,2.38,-0.23,-0.02,-0.04,hand_raise
8.55,4.77,2.38,-0.23,-0.02,-0.03,hand_raise
8.53,4.8,2.37,-0.23,-0.02,-0.03,hand_raise
8.52,4.8,2.38,-0.23,-0.03,-0.02,hand_raise
6.53,4.65,4.6,-2.22,1.37,1.11,hand_raise
-1.56,-5.46,6.69,-1.34,1.09,-0.13,hand_raise
-3.63,-8.09,4.87,-0.42,-0.03,-0.01,hand_raise
-4.73,-9.5,3.74,0.17,-0.21,-0.21,hand_raise
0.5,0.84,4.62,2.07,-0.97,-1.5,hand_raise
8.14,6.04,4.59,-0.17,-1.03,0.84,hand_raise
8.53,4.52,3.11,-0.21,-0.06,-0.04,hand_raise
8.5,4.53,2.96,-0.23,-0.03,-0.03,hand_raise
8.47,4.56,2.9,-0.23,-0.02,-0.03,hand_raise
-2.53,-4.43,8.58,-0.31,0.05,-0.12,hand_raise
-2.06,-5.09,8.06,-0.3,-0.15,0.1,hand_raise
-1.55,-4.49,7.87,0.38,-0.88,0.02,hand_raise
4.64,-0.22,7.03,1.16,-1.43,-2.53,hand_raise
9.04,7.69,3.57,0.63,-0.97,1.58,hand_raise
8.11,6.02,2.84,-0.23,-0.04,0.01,hand_raise
7.91,5.6,2.62,-0.22,-0.03,-0.05,hand_raise
7.92,5.65,2.61,-0.23,-0.02,-0.03,hand_raise
7.89,5.72,2.49,-0.23,-0.02,-0.02,hand_raise
7.88,5.76,2.46,-0.23,-0.02,-0.03,hand_raise
7.85,5.72,2.49,-0.23,-0.02,-0.02,hand_raise
9.58,7.89,3.09,-0.34,0.49,-0.67,hand_raise
3.96,-0.21,5.54,-1.18,1.29,1.44,hand_raise
-1.66,-4.25,7.83,-1.27,1.31,0.75,hand_raise
-4.09,-5.29,7.26,-0.22,-0.2,-0.04,hand_raise
-3.37,-4.74,7.5,-0.3,0.17,-0.21,hand_raise
-5.08,-6.83,6.39,0.0,-0.95,0.13,hand_raise
4.58,0.36,6.26,-0.07,-1.4,-0.44,hand_raise
9.36,6.08,4.72,0.33,-0.26,-0.04,hand_raise
10.26,3.03,2.55,-0.13,-0.17,-0.08,hand_raise
8.93,4.26,2.51,-0.2,-0.02,-0.11,hand_raise
8.87,4.16,2.46,-0.22,-0.02,-0.05,hand_raise
8.79,4.31,2.36,-0.23,-0.01,-0.03,hand_raise
8.81,4.31,2.39,-0.23,-0.02,-0.02,hand_raise
8.82,4.3,2.37,-0.23,-0.02,-0.03,hand_raise
12.19,6.48,2.22,-0.57,0.55,-0.12,hand_raise
4.15,-0.13,5.82,-0.8,1.54,1.41,hand_raise
-4.61,-5.04,6.61,-0.75,0.42,-0.07,hand_raise
-4.3,-5.03,6.73,-0.14,-0.03,0.09,hand_raise
-4.36,-5.18,6.76,-0.24,0.0,-0.02,hand_raise
-6.23,-5.85,5.88,0.54,-1.14,-0.05,hand_raise
7.2,0.63,5.82,0.35,-2.61,0.03,hand_raise
13.63,2.62,1.71,-0.16,0.36,-0.55,hand_raise
8.91,3.67,2.53,-0.2,-0.03,-0.11,hand_raise
8.94,3.96,2.46,-0.23,-0.03,-0.03,hand_raise
8.92,4.01,2.48,-0.23,-0.02,-0.02,hand_raise
8.83,4.15,2.45,-0.23,-0.02,-0.03,hand_raise
8.86,4.14,2.47,-0.23,-0.03,-0.02,hand_raise
8.87,4.19,2.47,-0.23,-0.02,-0.03,hand_raise
11.4,7.83,2.56,-0.51,0.41,-0.62,hand_raise
2.91,-0.39,7.17,-0.93,1.54,0.38,hand_raise
-1.01,-3.46,8.46,-0.83,1.13,-0.12,hand_raise
-2.3,-4.86,8.07,-0.77,0.37,0.14,hand_raise
-2.08,-4.41,8.14,-0.32,-0.03,-0.08,hand_raise
-2.59,-4.93,7.89,-0.29,0.09,-0.12,hand_raise
-2.8,-2.93,7.48,0.69,-2.16,0.47,hand_raise
9.17,2.09,4.45,1.17,-1.52,-0.44,hand_raise
10.74,5.28,2.97,-0.12,0.11,-0.16,hand_raise
9.05,4.04,2.26,-0.23,-0.02,-0.04,hand_raise
8.9,4.07,2.54,-0.23,-0.02,-0.02,hand_raise
8.92,4.06,2.54,-0.23,-0.02,-0.02,hand_raise
8.89,4.07,2.55,-0.23,-0.02,-0.03,hand_raise
8.88,4.05,2.53,-0.23,-0.02,-0.03,hand_raise
8.88,4.07,2.54,-0.23,-0.02,-0.03,hand_raise
9.34,4.64,2.62,-0.15,-0.04,-0.27,hand_raise
6.74,2.36,4.54,-1.71,1.83,0.53,hand_raise
-0.72,-2.73,8.67,-0.5,1.27,-0.82,hand_raise
-3.11,-6.0,6.99,-0.76,0.21,-0.11,hand_raise
-3.6,-5.91,6.82,-0.29,-0.08,-0.03,hand_raise
-5.09,-7.0,6.08,0.0,-0.3,-0.21,hand_raise
2.43,-0.48,6.28,0.79,-2.56,0.2,hand_raise
10.96,1.84,4.14,0.35,-1.23,-0.6,hand_raise
8.75,3.51,2.72,-0.25,-0.08,0.02,hand_raise
9.12,3.24,2.83,-0.26,-0.06,-0.03,hand_raise
9.03,3.43,2.89,-0.23,-0.04,-0.02,hand_raise
9.04,3.52,2.79,-0.23,-0.03,-0.03,hand_raise
9.0,3.67,2.71,-0.23,-0.02,-0.03,hand_raise
9.0,3.66,2.69,-0.23,-0.03,-0.02,hand_raise
9.03,3.65,2.68,-0.23,-0.02,-0.02,hand_raise
11.94,5.4,2.76,-0.18,0.38,-0.63,hand_raise
5.3,-0.44,6.62,-1.04,1.15,0.79,hand_raise
-2.98,-4.5,8.07,-0.69,0.68,0.37,hand_raise
-2.77,-4.48,8.1,-0.27,0.04,0.03,hand_raise
-2.83,-4.56,8.06,-0.28,0.05,-0.09,hand_raise
-1.87,-2.92,7.16,0.31,-1.25,-0.87,hand_raise
7.8,2.97,5.26,0.59,-0.95,-0.42,hand_raise
8.71,4.76,2.36,0.21,-0.06,0.07,hand_raise
8.87,4.49,2.36,-0.17,0.02,-0.21,hand_raise
8.72,4.5,2.23,-0.21,-0.01,-0.11,hand_raise
8.68,4.6,2.25,-0.23,-0.03,-0.03,hand_raise
8.68,4.61,2.23,-0.23,-0.02,-0.04,hand_raise
8.68,4.66,2.26,-0.23,-0.03,-0.02,hand_raise
8.67,4.67,2.21,-0.23,-0.02,-0.04,hand_raise
9.37,5.11,2.43,-0.24,-0.07,0.08,hand_raise
7.52,2.12,4.39,-1.68,1.57,0.82,hand_raise
-0.62,-2.94,8.08,-0.68,0.85,0.5,hand_raise
-2.78,-4.98,7.64,-0.27,-0.11,0.05,hand_raise
-3.26,-5.14,7.47,-0.33,0.08,-0.07,hand_raise
-3.57,-5.39,6.83,0.33,-0.98,-0.5,hand_raise
6.03,0.35,6.25,1.13,-2.3,-0.05,hand_raise
11.37,1.37,2.96,-0.04,-0.37,0.01,hand_raise
9.15,3.18,2.85,-0.24,-0.02,-0.05,hand_raise
9.09,3.4,2.8,-0.23,-0.03,-0.03,hand_raise
9.1,3.33,2.78,-0.23,-0.03,-0.03,hand_raise
9.11,3.44,2.76,-0.23,-0.02,-0.03,hand_raise
9.11,3.36,2.72,-0.23,-0.03,-0.02,hand_raise
8.67,4.24,2.9,-0.22,-0.02,-0.04,hand_raise
8.68,4.3,2.9,-0.23,-0.03,-0.03,hand_raise
8.65,4.24,2.9,-0.23,-0.02,-0.02,hand_raise
11.18,6.19,3.0,-0.3,-0.15,0.14,hand_raise
3.8,-0.58,6.2,-1.01,1.67,0.31,hand_raise
-0.67,-3.8,8.08,-0.91,0.93,-0.06,hand_raise
-3.35,-5.05,7.6,-0.4,0.3,0.17,hand_raise
-2.99,-4.75,7.7,-0.3,-0.03,0.03,hand_raise
-4.59,-5.34,6.77,0.2,-0.76,-0.15,hand_raise
5.39,-0.33,7.2,0.3,-2.25,-0.7,hand_raise
9.59,1.17,3.53,0.4,-0.63,-0.4,hand_raise
8.72,3.68,2.93,-0.35,-0.12,0.29,hand_raise
9.06,3.36,2.91,-0.23,-0.03,-0.03,hand_raise
9.02,3.46,3.0,-0.23,-0.03,-0.02,hand_raise
9.0,3.51,2.92,-0.23,-0.02,-0.04,hand_raise
8.95,3.62,2.85,-0.23,-0.02,-0.03,hand_raise
8.98,3.62,2.83,-0.23,-0.02,-0.03,hand_raise
8.96,3.59,2.85,-0.23,-0.02,-0.03,hand_raise
8.97,3.64,4.48,-1.64,1.67,0.43,hand_raise
1.21,-2.9,7.96,-0.45,0.81,0.9,hand_raise
-4.69,-5.25,7.07,-0.46,0.68,0.05,hand_raise
-4.18,-5.35,6.7,-0.31,-0.08,0.02,hand_raise
-4.76,-5.42,6.46,-0.24,-0.04,-0.08,hand_raise
-6.12,-5.96,5.92,-0.0,-0.1,-0.43,hand_raise
-0.14,-4.4,6.73,1.1,-1.62,-0.79,hand_raise
9.32,1.87,4.54,0.59,-0.9,-0.66,hand_raise
11.14,6.86,4.06,-0.21,0.29,-0.53,hand_raise
8.73,4.29,2.55,-0.22,-0.01,-0.05,hand_raise
8.74,4.41,2.51,-0.23,-0.02,-0.03,hand_raise
8.7,4.44,2.51,-0.23,-0.02,-0.03,hand_raise
8.64,4.35,2.84,-0.23,-0.02,-0.03,hand_raise
8.65,4.36,2.83,-0.23,-0.02,-0.03,hand_raise
8.64,4.32,2.84,-0.23,-0.02,-0.02,hand_raise
11.0,6.77,4.04,-1.07,0.81,0.15,hand_raise
3.06,-0.45,7.21,-1.19,1.62,0.12,hand_raise
-3.6,-4.45,7.98,-0.79,0.26,-0.05,hand_raise
-2.51,-4.81,7.98,-0.23,0.09,0.02,hand_raise
-2.72,-4.85,7.82,-0.21,-0.02,-0.11,hand_raise
-4.2,-5.44,7.4,-0.06,-0.14,-0.01,hand_raise
4.24,-1.01,6.53,0.46,-1.91,-0.61,hand_raise
11.27,3.25,3.69,0.27,-0.74,-0.31,hand_raise
9.7,5.3,3.8,-0.12,0.71,-0.53,hand_raise
8.78,3.81,3.05,-0.22,-0.05,-0.06,hand_raise
8.84,3.76,2.97,-0.23,-0.03,-0.03,hand_raise
8.9,3.72,2.9,-0.23,-0.02,-0.02,hand_raise
8.91,3.86,2.88,-0.23,-0.03,-0.05,hand_raise
8.83,3.88,2.91,-0.23,-0.02,-0.03,hand_raise
8.84,3.88,2.85,-0.23,-0.03,-0.02,hand_raise
8.85,3.89,2.9,-0.23,-0.02,-0.02,hand_raise
8.83,3.88,2.87,-0.23,-0.02,-0.03,hand_raise
8.86,3.89,2.83,-0.23,-0.02,-0.03,hand_raise
8.86,3.93,2.75,-0.23,-0.03,-0.02,hand_raise
8.83,3.94,2.78,-0.23,-0.02,-0.03,hand_raise
8.84,3.95,2.76,-0.23,-0.02,-0.03,hand_raise
10.3,5.43,4.53,-1.51,1.55,0.45,hand_raise
1.79,-1.12,8.45,-0.19,0.91,0.41,hand_raise
-3.56,-4.87,7.69,-0.53,0.56,0.05,hand_raise
-2.96,-4.68,7.78,-0.23,-0.04,-0.04,hand_raise
-4.11,-4.99,7.46,-0.25,-0.02,-0.06,hand_raise
-1.32,-2.0,8.14,0.85,-1.11,-0.98,hand_raise
9.18,2.02,6.75,0.38,-1.08,-0.86,hand_raise
8.34,3.85,3.55,0.18,-0.51,0.07,hand_raise
8.87,4.19,3.27,-0.19,-0.07,-0.08,hand_raise
8.71,3.96,3.05,-0.23,-0.03,-0.03,hand_raise
8.7,4.03,3.05,-0.23,-0.02,-0.02,hand_raise
8.73,4.08,3.01,-0.23,-0.02,-0.02,hand_raise
10.32,4.87,3.84,-0.17,-0.3,-0.25,hand_raise
5.48,0.02,6.44,-1.44,1.16,1.76,hand_raise
-0.72,-4.23,8.48,-0.54,0.7,0.46,hand_raise
-2.8,-6.19,7.56,-0.23,0.26,0.12,hand_raise
-2.85,-5.04,7.78,-0.23,0.05,-0.13,hand_raise
-6.69,-5.5,7.52,0.02,-0.09,-0.38,hand_raise
2.15,-3.11,7.74,0.11,-0.92,-0.24,hand_raise
8.56,1.94,6.43,0.21,-1.23,-0.43,hand_raise
9.99,3.31,3.68,0.17,-0.31,-0.48,hand_raise
-2.18,-5.09,7.76,-0.47,0.58,-0.08,hand_raise
-2.9,-5.31,7.54,-0.25,0.12,0.04,hand_raise
-2.77,-4.85,7.53,-0.22,0.03,0.01,hand_raise
-3.5,-5.67,6.95,-0.18,-0.13,-0.02,hand_raise
-3.4,-5.29,7.25,-0.25,-0.02,-0.05,hand_raise
-3.11,-5.09,7.56,-0.23,0.02,-0.03,hand_raise
-4.4,-5.36,7.04,0.22,-0.75,0.08,hand_raise
4.4,-2.05,8.31,-0.15,-0.78,-0.23,hand_raise
7.85,-0.13,5.5,-0.01,-1.38,-0.35,hand_raise
9.3,2.94,3.67,0.21,-0.39,-0.17,hand_raise
9.0,3.2,2.81,-0.24,-0.01,-0.08,hand_raise
9.3,2.87,2.75,-0.23,-0.02,-0.02,hand_raise
9.3,2.88,2.73,-0.23,-0.02,-0.02,hand_raise
9.28,2.87,2.72,-0.23,-0.03,-0.02,hand_raise
9.31,2.89,2.72,-0.23,-0.02,-0.03,hand_raise
9.14,2.16,4.7,-1.35,1.52,0.05,hand_raise
1.02,-2.1,8.33,-0.34,1.26,0.36,hand_raise
-1.66,-4.51,8.31,-0.53,0.39,-0.04,hand_raise
-2.75,-5.02,7.75,-0.29,0.14,0.03,hand_raise
-4.4,-5.32,7.11,-0.32,0.17,0.02,hand_raise
-2.2,-3.53,8.16,0.17,-1.12,0.05,hand_raise
3.42,-1.85,8.51,0.09,-1.06,-0.16,hand_raise
8.11,2.36,5.73,0.42,-1.69,-1.01,hand_raise
9.45,2.03,2.83,0.03,-0.35,-0.15,hand_raise
9.19,3.21,2.94,-0.2,0.01,-0.19,hand_raise
8.98,3.64,2.86,-0.23,-0.02,-0.04,hand_raise
8.95,3.63,2.82,-0.23,-0.03,-0.03,hand_raise
8.96,3.66,2.88,-0.23,-0.03,-0.02,hand_raise
8.96,3.64,2.83,-0.23,-0.02,-0.03,hand_raise
8.95,3.67,2.83,-0.24,-0.02,-0.01,hand_raise
9.0,3.72,2.69,-0.23,-0.02,-0.02,hand_raise
9.0,3.7,2.65,-0.23,-0.03,-0.03,hand_raise
9.02,3.73,2.64,-0.23,-0.02,-0.03,hand_raise
9.62,3.73,2.74,-0.2,-0.04,-0.09,hand_raise
7.21,1.13,4.92,-1.52,1.35,1.43,hand_raise
0.11,-3.54,8.32,-0.77,0.86,0.21,hand_raise
-2.17,-5.31,8.02,-0.47,0.05,0.04,hand_raise
-1.91,-5.69,7.65,-0.22,0.04,-0.05,hand_raise
-2.38,-6.11,7.46,-0.21,0.04,-0.02,hand_raise
-0.7,-3.13,7.61,0.37,-1.8,-0.52,hand_raise
8.77,0.11,5.51,0.56,-1.5,-0.42,hand_raise
10.05,1.9,2.89,0.14,-0.55,-0.11,hand_raise
9.1,2.4,2.43,-0.05,0.08,-0.63,hand_raise
8.9,3.86,2.69,-0.22,-0.03,-0.04,hand_raise
9.05,3.92,2.28,-0.23,-0.02,-0.01,hand_raise
9.03,3.89,2.21,-0.23,-0.03,-0.02,hand_raise
9.03,3.85,2.23,-0.23,-0.03,-0.03,hand_raise
9.46,5.41,4.18,-1.39,1.96,-0.26,hand_raise
0.79,-2.53,7.97,-0.98,0.78,0.83,hand_raise
-3.04,-4.15,8.03,-0.52,0.14,0.04,hand_raise
-3.08,-5.37,7.42,-0.27,0.02,-0.01,hand_raise
-3.37,-5.23,7.4,-0.22,0.04,-0.12,hand_raise
1.08,-2.05,8.09,-0.06,-1.5,1.09,hand_raise
7.58,3.22,5.86,0.24,-1.59,-0.2,hand_raise
10.32,2.45,2.14,0.11,-0.28,-0.21,hand_raise
9.02,3.79,2.75,-0.22,-0.06,-0.12,hand_raise
8.89,4.05,2.52,-0.23,-0.03,-0.04,hand_raise
8.84,4.08,2.5,-0.23,-0.02,-0.03,hand_raise
8.88,4.11,2.49,-0.23,-0.03,-0.03,hand_raise
8.9,4.13,2.51,-0.23,-0.02,-0.04,hand_raise
8.7,4.35,2.6,-0.23,-0.02,-0.03,hand_raise
8.71,4.35,2.6,-0.23,-0.02,-0.03,hand_raise
8.7,4.37,2.57,-0.23,-0.02,-0.04,hand_raise
10.95,6.68,2.77,-0.92,0.96,-0.06,hand_raise
3.98,-1.89,6.53,-1.08,1.36,0.94,hand_raise
-0.94,-3.85,8.36,-0.88,0.75,0.74,hand_raise
-3.01,-5.94,7.32,-0.28,0.21,-0.0,hand_raise
-2.41,-4.92,7.72,-0.23,0.02,-0.05,hand_raise
-2.83,-5.26,7.52,-0.24,-0.03,-0.04,hand_raise
-2.67,-5.3,7.68,0.17,-0.53,0.0,hand_raise
3.08,-2.25,7.79,0.34,-1.34,-0.19,hand_raise
7.51,8.16,5.63,1.15,-0.88,-2.18,hand_raise
7.84,3.09,2.6,-0.37,-0.61,0.04,hand_raise
8.99,3.75,2.98,-0.25,-0.05,0.0,hand_raise
8.78,4.18,2.75,-0.23,-0.02,-0.02,hand_raise
8.74,4.17,2.77,-0.23,-0.02,-0.03,hand_raise
8.76,4.13,2.74,-0.23,-0.02,-0.04,hand_raise
9.85,5.49,3.37,-0.45,0.22,-0.27,hand_raise
5.75,-0.16,6.16,-1.2,1.08,1.08,hand_raise
1.09,-3.25,8.29,-0.51,0.92,0.31,hand_raise
-2.37,-4.75,8.21,-0.22,0.24,0.13,hand_raise
-2.13,-4.67,8.12,-0.29,-0.02,-0.07,hand_raise
-2.41,-4.44,8.17,-0.23,-0.05,0.0,hand_raise
-2.38,-4.56,8.12,-0.25,-0.06,-0.03,hand_raise
-4.46,-5.28,7.54,0.14,-0.67,-0.2,hand_raise
5.77,-0.34,6.02,0.7,-1.65,-1.08,hand_raise
9.06,3.92,3.79,0.13,-0.29,-0.03,hand_raise
8.48,4.79,3.37,-0.17,-0.02,-0.37,hand_raise
8.71,3.99,3.02,-0.24,-0.1,0.03,hand_raise
8.72,4.07,2.9,-0.22,-0.03,-0.04,hand_raise
8.69,4.13,2.88,-0.23,-0.03,-0.03,hand_raise
8.71,4.36,2.72,-0.23,-0.02,-0.03,hand_raise
8.66,4.35,2.72,-0.23,-0.02,-0.02,hand_raise
9.9,6.03,3.17,-0.19,-0.16,-0.2,hand_raise
5.08,1.66,6.14,-1.6,1.22,1.29,hand_raise
0.77,-3.31,8.19,-0.78,0.68,0.05,hand_raise
-3.11,-5.38,7.41,-0.46,0.23,0.02,hand_raise
-2.77,-4.85,7.79,-0.26,-0.07,0.07,hand_raise
-2.99,-4.33,7.78,0.19,-0.94,0.08,hand_raise
1.77,-2.94,8.14,-0.21,-1.27,-0.44,hand_raise
10.08,5.34,5.13,0.41,-0.85,-0.42,hand_raise
8.06,3.63,2.08,-0.34,0.02,0.11,hand_raise
8.77,4.24,2.58,-0.23,-0.05,-0.02,hand_raise
8.71,4.31,2.48,-0.23,-0.03,-0.02,hand_raise
8.78,4.36,2.47,-0.23,-0.02,-0.03,hand_raise
8.74,4.38,2.48,-0.23,-0.02,-0.03,hand_raise
8.75,4.38,2.45,-0.23,-0.02,-0.04,hand_raise
8.72,4.35,2.47,-0.23,-0.02,-0.02,hand_raise
8.72,4.41,2.47,-0.23,-0.02,-0.03,hand_raise
8.74,4.36,2.47,-0.23,-0.02,-0.03,hand_raise
8.52,4.32,2.52,-0.24,-0.04,-0.02,hand_raise
8.68,4.55,2.43,-0.23,-0.03,-0.01,hand_raise
8.94,4.46,2.23,-0.23,-0.04,-0.03,hand_raise
8.72,4.48,2.45,-0.23,-0.02,-0.03,hand_raise
9.17,5.55,2.36,-0.29,-0.02,0.07,hand_raise
4.05,-1.02,5.19,-1.44,1.4,1.54,hand_raise
-3.12,-3.8,7.95,-0.31,1.1,0.05,hand_raise
-4.61,-3.83,7.52,-0.28,0.36,0.03,hand_raise
-4.63,-4.44,7.0,-0.22,-0.09,-0.06,hand_raise
-5.64,-4.21,7.0,-0.21,-0.05,0.04,hand_raise
-1.29,-2.84,7.44,0.26,-1.68,-0.7,hand_raise
7.89,-0.78,6.65,0.2,-1.1,-1.13,hand_raise
11.23,2.85,2.97,0.17,-0.99,0.37,hand_raise
8.9,3.35,2.51,-0.21,-0.05,-0.12,hand_raise
8.98,3.98,2.35,-0.23,-0.02,-0.03,hand_raise
8.97,3.95,2.35,-0.23,-0.03,-0.03,hand_raise
8.95,4.02,2.37,-0.23,-0.02,-0.03,hand_raise
10.93,6.71,3.54,-0.93,0.71,0.22,hand_raise
3.73,-1.55,7.6,-0.97,1.09,0.97,hand_raise
-1.39,-3.78,8.37,-0.69,1.01,-0.74,hand_raise
-2.21,-5.16,7.87,-0.34,0.05,-0.08,hand_raise
-2.34,-4.39,8.2,-0.3,0.14,-0.02,hand_raise
-2.27,-4.61,8.1,-0.16,-0.11,0.06,hand_raise
-3.32,-5.21,7.94,-0.09,-0.24,-0.18,hand_raise
1.78,-3.09,7.7,0.17,-1.4,-0.08,hand_raise
9.6,-0.44,5.14,0.42,-1.58,-0.66,hand_raise
10.49,1.23,3.24,-0.02,-0.47,-0.3,hand_raise
9.16,3.17,2.81,-0.17,0.0,-0.18,hand_raise
8.97,3.73,2.75,-0.21,-0.04,-0.07,hand_raise
8.89,3.94,2.66,-0.23,-0.02,-0.01,hand_raise
8.92,3.95,2.61,-0.23,-0.02,-0.03,hand_raise
8.5,3.9,4.24,-1.48,1.3,0.52,hand_raise
1.16,-2.91,7.73,-0.84,1.3,0.27,hand_raise
-2.57,-4.68,7.86,-0.54,0.56,0.13,hand_raise
-2.33,-5.28,7.59,-0.21,0.01,0.03,hand_raise
-2.52,-5.41,7.58,-0.24,0.0,0.02,hand_raise
-3.19,-5.81,6.87,0.55,-0.94,-0.14,hand_raise
6.01,-0.65,6.14,0.41,-1.68,-0.69,hand_raise
9.98,4.65,3.29,0.21,-0.7,-0.06,hand_raise
8.59,3.86,2.5,-0.23,-0.07,-0.12,hand_raise
9.04,3.9,2.44,-0.23,-0.04,-0.02,hand_raise
8.97,3.94,2.43,-0.23,-0.03,-0.03,hand_raise
8.97,3.97,2.41,-0.23,-0.03,-0.04,hand_raise
8.94,4.05,2.37,-0.23,-0.02,-0.03,hand_raise
8.93,4.04,2.35,-0.23,-0.02,-0.03,hand_raise
8.95,4.03,2.4,-0.23,-0.02,-0.02,hand_raise
8.99,4.05,2.34,-0.23,-0.02,-0.03,hand_raise
9.47,4.53,4.09,-1.12,1.13,0.22,hand_raise
4.35,-1.81,7.59,-0.81,0.93,0.65,hand_raise
0.05,-3.82,8.41,-0.32,0.52,0.37,hand_raise
-1.72,-5.65,7.65,-0.51,0.28,-0.15,hand_raise
-1.98,-5.52,7.57,-0.21,0.09,0.06,hand_raise
-4.05,-6.51,6.61,0.01,-0.28,-0.23,hand_raise
4.31,-1.1,7.03,0.49,-1.96,-0.79,hand_raise
9.95,4.06,4.3,0.34,-0.54,-0.5,hand_raise
8.31,5.85,3.51,-0.2,-0.04,-0.22,hand_raise
8.68,4.41,2.69,-0.22,-0.03,-0.04,hand_raise
8.65,4.43,2.65,-0.23,-0.03,-0.02,hand_raise
8.92,6.59,4.73,-1.04,1.44,-1.04,hand_raise
4.66,0.07,7.56,-1.12,0.71,0.77,hand_raise
1.79,-4.22,8.69,-0.64,0.98,-0.56,hand_raise
-0.88,-5.44,8.05,-0.28,0.27,0.24,hand_raise
-1.41,-5.2,8.08,-0.33,-0.07,0.0,hand_raise
-1.18,-5.48,7.95,-0.19,-0.02,-0.03,hand_raise
-1.48,-5.93,8.0,-0.07,-0.1,-0.16,hand_raise
1.27,-2.75,8.05,0.41,-1.34,0.06,hand_raise
8.61,1.43,5.88,0.61,-1.18,-0.61,hand_raise
8.98,3.3,3.39,-0.11,-0.45,0.37,hand_raise
8.98,4.01,2.67,-0.19,-0.04,-0.16,hand_raise
8.65,4.45,2.56,-0.22,-0.01,-0.06,hand_raise
8.61,4.57,2.55,-0.23,-0.02,-0.03,hand_raise
8.59,4.63,2.46,-0.23,-0.03,-0.03,hand_raise
8.61,4.64,2.49,-0.23,-0.02,-0.03,hand_raise
8.6,4.64,2.48,-0.23,-0.02,-0.03,hand_raise
9.74,3.83,3.77,-1.45,1.23,0.34,hand_raise
4.39,-2.12,6.95,-0.43,1.13,0.74,hand_raise
-0.5,-4.47,8.62,-0.38,0.42,0.17,hand_raise
-0.47,-4.54,8.57,-0.29,-0.09,0.0,hand_raise
-0.17,-4.55,8.56,-0.23,-0.1,0.01,hand_raise
-0.36,-4.58,8.54,-0.21,-0.05,-0.0,hand_raise
-0.83,-4.75,7.7,0.48,-1.23,-0.1,hand_raise
9.08,1.84,5.54,0.33,-0.99,-0.68,hand_raise
9.9,3.0,3.52,0.29,-0.4,0.02,hand_raise
7.69,2.82,3.12,-0.09,0.09,0.02,hand_raise
8.81,3.64,2.92,-0.24,-0.03,-0.02,hand_raise
8.91,3.71,2.89,-0.22,-0.06,-0.03,hand_raise
8.86,3.88,2.88,-0.23,-0.03,-0.03,hand_raise
8.9,3.85,2.83,-0.23,-0.03,-0.02,hand_raise
4.62,0.68,6.99,-1.44,0.86,0.97,hand_raise
0.36,-5.09,7.62,-0.69,0.46,0.93,hand_raise
-1.24,-5.66,8.01,-0.31,-0.03,0.12,hand_raise
-1.36,-5.82,7.6,-0.3,0.03,-0.02,hand_raise
-1.59,-5.89,7.48,-0.25,0.09,-0.04,hand_raise
-2.82,-6.33,7.23,-0.09,-0.28,0.0,hand_raise
2.69,-3.34,6.8,0.46,-1.76,-0.4,hand_raise
7.47,3.9,6.09,0.66,-0.72,-1.04,hand_raise
11.03,7.73,4.4,-0.43,0.53,-0.16,hand_raise
9.0,3.83,2.78,-0.21,-0.01,-0.08,hand_raise
8.88,3.97,2.69,-0.22,-0.03,-0.04,hand_raise
8.92,4.04,2.51,-0.23,-0.02,-0.03,hand_raise
8.92,4.09,2.49,-0.23,-0.02,-0.03,hand_raise
8.9,4.04,2.47,-0.23,-0.02,-0.03,hand_raise
8.89,4.03,2.49,-0.23,-0.02,-0.02,hand_raise
11.51,3.72,1.36,-0.77,0.64,0.42,hand_raise
6.19,-0.44,6.05,-1.1,1.4,0.7,hand_raise
0.34,-3.53,8.63,-0.51,0.75,0.38,hand_raise
-4.02,-5.44,6.96,-0.58,0.51,0.09,hand_raise
-4.39,-4.75,7.09,-0.15,-0.12,-0.07,hand_raise
1.72,-1.43,6.68,0.27,-2.6,-0.4,hand_raise
10.98,3.0,4.45,0.36,-1.26,-0.2,hand_raise
7.0,3.38,2.19,-0.24,-0.12,-0.18,hand_raise
8.84,3.94,2.51,-0.23,-0.03,-0.03,hand_raise
8.85,4.1,2.48,-0.23,-0.03,-0.03,hand_raise
8.86,4.18,2.35,-0.23,-0.02,-0.03,hand_raise
8.84,4.19,2.38,-0.23,-0.03,-0.02,hand_raise
8.69,4.53,2.46,-0.22,-0.04,0.12,hand_raise
9.34,3.14,3.94,-1.54,1.4,0.6,hand_raise
2.19,-2.32,7.14,-0.46,1.22,0.4,hand_raise
-1.78,-5.68,7.75,-0.37,0.34,0.11,hand_raise
-2.52,-5.48,7.65,-0.23,-0.08,-0.03,hand_raise
-0.27,-3.65,7.91,0.47,-1.53,-0.06,hand_raise
7.29,0.27,5.95,0.24,-1.31,-1.19,hand_raise
10.0,4.1,2.31,0.44,-0.38,-0.15,hand_raise
9.73,3.87,2.45,-0.15,-0.05,-0.2,hand_raise
9.19,3.63,2.19,-0.22,-0.03,-0.04,hand_raise
9.18,3.65,2.2,-0.23,-0.02,-0.04,hand_raise
-1.53,-5.32,7.81,-0.12,-0.16,0.05,hand_raise
-1.8,-5.54,7.69,-0.21,0.03,-0.08,hand_raise
-1.32,-5.51,7.75,-0.02,-0.38,0.1,hand_raise
2.28,-2.98,7.57,0.52,-0.99,-0.5,hand_raise
12.16,3.19,5.17,0.53,-1.87,0.66,hand_raise
9.12,5.32,3.46,0.06,0.05,-1.16,hand_raise
8.86,4.26,2.55,-0.16,-0.01,-0.26,hand_raise
8.71,4.4,2.6,-0.24,-0.02,-0.01,hand_raise
8.73,4.4,2.47,-0.23,-0.03,-0.01,hand_raise
8.71,4.42,2.48,-0.23,-0.03,-0.03,hand_raise
10.61,5.01,2.97,-0.25,0.38,-0.36,hand_raise
3.79,-0.27,6.82,-1.62,1.16,1.26,hand_raise
-2.34,-2.78,8.25,-0.63,0.77,0.14,hand_raise
-2.83,-4.71,7.8,-0.29,0.07,-0.05,hand_raise
-3.1,-4.43,7.97,-0.18,-0.05,0.03,hand_raise
-3.34,-4.8,7.8,-0.26,-0.04,0.01,hand_raise
-2.5,-3.56,7.94,0.6,-0.92,-0.23,hand_raise
4.91,0.34,6.37,0.39,-2.02,0.52,hand_raise
9.8,2.95,2.84,-0.12,-0.38,0.23,hand_raise
9.27,2.87,2.91,-0.26,-0.02,-0.16,hand_raise
9.11,3.47,2.6,-0.2,-0.07,-0.1,hand_raise
3.04,-3.73,7.71,-0.37,0.94,0.6,hand_raise
-1.56,-4.04,7.54,-0.37,0.85,0.26,hand_raise
-4.55,-4.63,7.4,-0.24,0.16,0.05,hand_raise
-3.47,-4.39,7.69,-0.25,-0.1,-0.01,hand_raise
-4.07,-4.35,7.51,-0.22,-0.03,-0.04,hand_raise
-4.03,-4.39,7.59,-0.17,-0.35,0.01,hand_raise
-0.69,-3.28,8.21,0.26,-1.25,-0.42,hand_raise
5.72,-1.89,6.74,0.27,-0.93,-0.7,hand_raise
10.03,3.08,3.98,-0.2,-0.33,0.07,hand_raise
8.71,2.63,2.63,-0.09,-0.18,-0.4,hand_raise
9.2,3.34,2.57,-0.23,-0.03,-0.05,hand_raise
9.17,3.49,2.44,-0.23,-0.02,-0.01,hand_raise
9.17,3.46,2.39,-0.23,-0.02,-0.03,hand_raise
9.18,3.43,2.43,-0.23,-0.03,-0.02,hand_raise
9.51,3.48,2.5,-0.22,-0.04,-0.02,hand_raise
7.92,4.18,4.71,-1.18,1.28,-0.16,hand_raise
3.25,-2.25,7.94,-0.73,0.8,0.41,hand_raise
-1.86,-6.62,7.12,-0.67,0.32,-0.15,hand_raise
-1.51,-5.6,7.53,-0.2,-0.02,0.03,hand_raise
-1.86,-6.17,7.42,-0.19,-0.06,-0.02,hand_raise
-1.97,-5.99,7.35,-0.24,0.01,-0.04,hand_raise
-1.39,-3.85,7.81,0.75,-1.22,-0.16,hand_raise
5.44,-2.77,6.01,0.17,-0.61,-1.32,hand_raise
10.39,1.71,3.04,0.12,-0.45,-0.61,hand_raise
9.81,3.19,2.87,-0.35,-0.14,0.2,hand_raise
9.27,3.07,2.61,-0.23,-0.03,-0.04,hand_raise
9.21,3.16,2.62,-0.23,-0.02,-0.04,hand_raise
9.21,3.32,2.47,-0.23,-0.02,-0.03,hand_raise
9.19,3.29,2.51,-0.23,-0.02,-0.02,hand_raise
10.2,3.08,3.06,-0.08,-0.35,-0.27,hand_raise
6.47,1.54,5.52,-1.25,0.88,1.44,hand_raise
2.93,-1.49,8.54,-0.57,0.77,0.63,hand_raise
-2.67,-5.49,7.39,-0.48,0.61,0.15,hand_raise
-4.2,-5.45,6.88,-0.33,0.07,-0.08,hand_raise
-3.49,-5.41,7.0,-0.18,-0.04,0.05,hand_raise
-3.67,-5.27,7.06,-0.22,-0.09,-0.01,hand_raise
-2.39,-4.63,7.88,0.0,-0.48,-0.07,hand_raise
0.96,-2.01,7.77,0.38,-1.09,-0.16,hand_raise
8.56,1.85,5.08,0.4,-1.2,-0.71,hand_raise
8.61,3.92,3.18,0.0,0.42,-0.69,hand_raise
8.95,4.12,2.79,-0.23,-0.02,-0.02,hand_raise
8.8,4.16,2.67,-0.22,-0.03,-0.05,hand_raise
8.77,4.17,2.66,-0.22,-0.02,-0.04,hand_raise
8.75,4.35,2.52,-0.23,-0.02,-0.03,hand_raise
8.76,4.33,2.47,-0.23,-0.02,-0.03,hand_raise
11.41,6.37,3.02,-0.42,-0.01,-0.18,hand_raise
3.11,0.63,5.7,-1.08,1.83,0.87,hand_raise
-1.74,-4.05,8.71,-0.52,0.83,-0.1,hand_raise
-0.9,-4.96,8.3,-0.18,-0.21,0.05,hand_raise
-1.23,-4.46,8.52,-0.25,0.05,-0.07,hand_raise
-1.92,-4.82,8.45,-0.13,-0.19,-0.09,hand_raise
1.55,-2.31,8.22,0.5,-1.28,0.23,hand_raise
7.75,-0.04,5.81,-0.1,-0.85,-0.87,hand_raise
10.18,1.89,2.98,-0.26,-0.14,-0.63,hand_raise
9.14,1.35,2.11,-0.37,0.37,0.15,hand_raise
9.5,2.94,2.11,-0.24,-0.03,-0.03,hand_raise
9.49,2.84,2.04,-0.23,-0.03,-0.03,hand_raise
9.51,2.84,2.01,-0.23,-0.02,-0.02,hand_raise
9.52,2.84,1.96,-0.23,-0.03,-0.04,hand_raise
9.51,2.83,1.98,-0.23,-0.02,-0.03,hand_raise
9.84,2.98,2.23,-0.22,-0.07,-0.0,hand_raise
8.62,2.29,4.2,-1.34,1.57,0.27,hand_raise
1.04,-2.28,7.65,-0.81,1.15,0.67,hand_raise
-1.58,-5.3,7.87,-0.4,0.06,0.14,hand_raise
-1.61,-4.92,8.15,-0.22,-0.09,0.0,hand_raise
-1.42,-4.94,8.14,-0.23,-0.02,-0.03,hand_raise
-1.66,-5.03,8.17,-0.23,-0.05,-0.02,hand_raise
-2.0,-4.41,7.66,0.64,-0.98,-0.41,hand_raise
6.23,-0.19,6.29,0.28,-1.41,-0.37,hand_raise
9.53,4.7,3.58,0.32,-0.34,-0.13,hand_raise
9.94,4.71,2.42,-0.22,-0.0,-0.05,hand_raise
8.99,4.1,2.17,-0.23,-0.03,-0.04,hand_raise
8.96,4.16,2.1,-0.23,-0.02,-0.03,hand_raise
8.95,4.16,2.13,-0.23,-0.01,-0.03,hand_raise
8.95,4.15,2.09,-0.23,-0.03,-0.02,hand_raise
11.0,6.52,1.9,-0.38,0.32,-0.33,hand_raise
5.92,-0.05,5.91,-1.37,1.18,1.21,hand_raise
1.54,-3.22,7.88,-0.41,1.36,-0.46,hand_raise
-1.7,-4.86,8.13,-0.41,0.22,-0.11,hand_raise
-1.63,-4.6,8.31,-0.26,0.04,-0.16,hand_raise
-1.86,-4.67,8.16,-0.27,-0.03,-0.03,hand_raise
-1.2,-4.99,8.12,-0.26,-0.05,0.14,hand_raise
-1.24,-4.52,8.09,0.19,-0.74,-0.09,hand_raise
3.25,-1.75,8.71,-0.11,-0.74,-0.6,hand_raise
9.71,0.58,4.22,0.28,-1.57,-0.09,hand_raise
9.61,3.42,2.2,0.45,-0.07,-0.48,hand_raise
8.92,4.36,2.47,-0.22,0.0,-0.1,hand_raise
8.68,4.53,2.45,-0.23,-0.03,-0.04,hand_raise
8.67,4.49,2.42,-0.22,-0.05,-0.03,hand_raise
8.67,4.53,2.34,-0.23,-0.03,-0.03,hand_raise
8.7,4.4,2.41,-0.22,-0.02,-0.03,hand_raise
8.67,5.33,4.35,-1.2,0.92,0.29,hand_raise
5.04,-1.16,7.77,-0.85,0.8,0.79,hand_raise
-0.09,-4.0,8.61,-0.48,0.73,0.15,hand_raise
-2.26,-5.34,7.69,-0.35,0.23,-0.04,hand_raise
-2.3,-5.39,7.76,-0.26,0.03,-0.1,hand_raise
-2.31,-5.21,7.72,-0.2,-0.0,-0.06,hand_raise
-2.48,-5.35,7.59,-0.23,-0.02,0.05,hand_raise
-2.45,-5.55,7.53,-0.21,-0.01,-0.02,hand_raise
-0.45,-3.95,8.08,0.29,-1.25,0.04,hand_raise
4.99,-0.36,7.73,0.46,-0.93,-0.88,hand_raise
9.57,2.75,4.97,0.19,-0.68,0.08,hand_raise
9.98,1.99,3.14,-0.22,-0.11,-0.12,hand_raise
9.12,3.03,3.18,-0.19,-0.08,-0.11,hand_raise
9.05,3.23,3.04,-0.22,-0.03,-0.04,hand_raise
9.09,3.31,2.89,-0.23,-0.02,-0.03,hand_raise
9.09,3.35,2.89,-0.23,-0.02,-0.03,hand_raise
9.07,3.34,2.86,-0.23,-0.02,-0.03,hand_raise
9.06,3.35,2.89,-0.23,-0.02,-0.02,hand_raise
9.46,4.28,3.33,-0.26,0.29,-0.2,hand_raise
8.09,2.39,5.76,-0.87,0.98,0.44,hand_raise
3.22,-2.21,7.44,-0.71,1.14,0.63,hand_raise
-2.27,-5.73,7.5,-0.61,0.33,-0.14,hand_raise
-1.75,-4.83,8.12,-0.18,-0.11,0.01,hand_raise
-1.91,-5.27,7.82,-0.34,0.16,0.13,hand_raise
-2.34,-5.05,7.89,-0.28,0.03,-0.07,hand_raise
-2.41,-5.01,7.81,-0.21,-0.04,0.01,hand_raise
-2.98,-5.61,7.42,-0.18,-0.05,-0.06,hand_raise
0.08,-3.45,8.71,0.18,-0.95,0.09,hand_raise
6.63,1.24,8.04,0.33,-1.31,0.12,hand_raise
8.59,2.54,5.26,0.36,-0.41,-0.3,hand_raise
8.52,3.43,3.16,-0.05,-0.45,0.14,hand_raise
9.08,3.63,3.17,-0.24,-0.07,-0.07,hand_raise
6.34,0.45,6.15,-1.47,0.47,1.37,hand_raise
2.75,-3.63,7.53,-0.59,1.36,0.73,hand_raise
-4.1,-5.04,7.4,-0.47,0.22,0.46,hand_raise
-3.82,-5.48,6.89,-0.28,0.0,-0.06,hand_raise
-3.39,-5.46,7.16,-0.23,-0.02,-0.05,hand_raise
-3.65,-5.94,6.8,-0.21,-0.1,0.02,hand_raise
-3.26,-5.49,7.15,-0.25,-0.1,0.01,hand_raise
-3.03,-5.23,7.35,0.11,-0.49,-0.17,hand_raise
2.0,-2.7,8.7,0.24,-0.98,0.0,hand_raise
5.2,-1.3,7.92,0.03,-0.72,-0.42,hand_raise
9.27,3.21,4.47,0.28,-0.72,-0.45,hand_raise
10.22,4.48,4.1,-0.09,0.01,-0.42,hand_raise
8.82,3.82,2.9,-0.23,-0.03,-0.0,hand_raise
8.89,3.88,2.9,-0.23,-0.02,-0.05,hand_raise
8.84,3.79,2.89,-0.23,-0.02,-0.02,hand_raise
9.52,4.37,2.98,-0.12,0.01,-0.26,hand_raise
7.84,3.73,6.5,-1.13,0.61,0.1,hand_raise
3.87,-0.32,7.98,-1.12,1.07,0.88,hand_raise
-3.06,-4.51,7.59,-0.76,0.8,0.14,hand_raise
-1.94,-5.35,7.85,-0.24,0.18,-0.36,hand_raise
-1.85,-5.52,7.81,-0.25,0.01,-0.01,hand_raise
-1.95,-5.16,7.85,-0.2,-0.04,0.03,hand_raise
-1.89,-5.26,7.81,-0.22,-0.03,-0.03,hand_raise
-1.85,-5.21,7.85,-0.27,-0.01,-0.04,hand_raise
-2.29,-5.07,7.95,0.11,-0.51,0.04,hand_raise
0.37,-3.41,8.45,0.25,-0.78,-0.03,hand_raise
5.4,-0.95,6.97,0.28,-1.18,-0.55,hand_raise
8.82,5.16,4.42,0.36,-0.25,-0.6,hand_raise
12.19,4.28,2.6,-0.19,-0.33,-0.0,hand_raise
9.35,3.33,2.42,-0.22,-0.03,-0.07,hand_raise
9.22,3.44,2.36,-0.23,-0.03,-0.04,hand_raise
8.92,4.03,2.49,-0.23,-0.02,-0.02,hand_raise
8.92,4.03,2.52,-0.23,-0.02,-0.03,hand_raise
8.89,3.97,2.51,-0.23,-0.03,-0.02,hand_raise
8.89,4.02,2.5,-0.23,-0.02,-0.02,hand_raise
9.09,4.04,2.6,-0.23,-0.04,-0.05,hand_raise
9.77,2.63,4.19,-1.02,0.76,0.57,hand_raise
5.09,-0.35,7.54,-0.77,0.99,0.4,hand_raise
-0.55,-4.05,8.41,-0.37,0.99,-0.11,hand_raise
-2.68,-4.57,8.08,-0.24,-0.04,-0.21,hand_raise
-2.05,-4.49,8.32,-0.22,0.01,0.03,hand_raise
-2.27,-4.55,8.27,-0.23,0.0,0.01,hand_raise
-1.88,-4.5,8.32,-0.24,-0.04,-0.03,hand_raise
-1.95,-4.35,8.28,-0.21,-0.06,0.05,hand_raise
2.1,-2.8,8.59,0.19,-1.07,-0.15,hand_raise
5.44,0.97,5.37,0.1,-1.34,-0.51,hand_raise
9.27,1.41,2.99,-0.14,-0.36,0.45,hand_raise
8.71,3.34,2.23,-0.23,-0.02,-0.14,hand_raise
8.88,3.97,2.52,-0.25,-0.04,0.05,hand_raise
8.94,3.96,2.56,-0.23,-0.03,-0.03,hand_raise
8.95,3.98,2.42,-0.23,-0.03,-0.03,hand_raise
8.94,4.0,2.44,-0.23,-0.02,-0.03,hand_raise
8.93,4.0,2.47,-0.23,-0.02,-0.03,hand_raise
9.18,5.37,2.59,-0.38,-0.03,0.59,hand_raise
9.05,3.36,4.44,-1.11,1.21,0.72,hand_raise
2.72,-2.36,7.63,-0.11,0.9,0.65,hand_raise
-1.49,-3.85,8.59,-0.79,0.3,-0.18,hand_raise
-0.67,-4.13,8.74,-0.2,-0.01,0.04,hand_raise
-2.11,-4.78,8.36,-0.26,-0.06,-0.02,hand_raise
-1.42,-4.17,8.57,-0.26,-0.01,0.04,hand_raise
-1.36,-4.39,8.5,-0.2,-0.05,0.0,hand_raise
-1.43,-4.49,8.5,-0.22,-0.01,-0.02,hand_raise
-1.16,-5.01,8.2,0.03,-0.37,-0.45,hand_raise
2.57,-1.51,8.7,0.15,-1.2,0.6,hand_raise
6.11,-1.53,6.49,0.38,-0.66,-1.09,hand_raise
9.1,4.63,4.33,0.08,-0.53,-0.05,hand_raise
10.48,3.02,2.51,-0.2,-0.08,-0.22,hand_raise
9.33,3.36,2.18,-0.23,-0.02,-0.04,hand_raise
9.23,4.07,0.89,-0.23,-0.02,-0.03,normal
9.23,4.1,0.92,-0.23,-0.02,-0.03,normal
9.22,4.08,0.89,-0.23,-0.02,-0.03,normal
9.22,4.03,0.91,-0.23,-0.02,-0.03,normal
9.23,4.07,0.92,-0.23,-0.02,-0.02,normal
9.23,4.07,0.91,-0.23,-0.02,-0.02,normal
9.24,4.1,0.91,-0.23,-0.02,-0.02,normal
9.22,4.1,0.91,-0.23,-0.02,-0.03,normal
9.23,4.14,0.94,-0.23,-0.02,-0.02,normal
9.22,4.11,0.92,-0.23,-0.02,-0.02,normal
9.19,4.09,0.9,-0.23,-0.02,-0.02,normal
9.22,4.07,0.91,-0.23,-0.02,-0.03,normal
9.23,4.09,0.92,-0.23,-0.02,-0.02,normal
9.2,4.09,0.9,-0.23,-0.01,-0.03,normal
9.21,4.11,0.92,-0.23,-0.02,-0.02,normal
9.23,4.04,0.9,-0.23,-0.03,-0.03,normal
9.22,4.1,0.91,-0.23,-0.02,-0.03,normal
9.21,4.09,0.9,-0.23,-0.02,-0.03,normal
9.21,4.11,0.89,-0.23,-0.02,-0.02,normal
9.22,4.11,0.92,-0.23,-0.02,-0.03,normal
9.25,4.1,0.9,-0.23,-0.02,-0.03,normal
9.22,4.09,0.9,-0.23,-0.02,-0.03,normal
9.25,4.1,0.93,-0.23,-0.02,-0.02,normal
9.21,4.11,0.89,-0.23,-0.02,-0.02,normal
9.19,4.09,0.9,-0.23,-0.02,-0.03,normal
9.2,4.09,0.91,-0.23,-0.02,-0.02,normal
9.23,4.09,0.9,-0.23,-0.02,-0.03,normal
9.25,4.09,0.89,-0.23,-0.02,-0.03,normal
9.22,4.08,0.88,-0.23,-0.02,-0.03,normal
9.21,4.08,0.91,-0.23,-0.03,-0.03,normal
9.22,4.08,0.89,-0.23,-0.02,-0.02,normal
9.26,4.08,0.89,-0.23,-0.02,-0.02,normal
9.24,4.07,0.91,-0.23,-0.02,-0.02,normal
9.22,4.1,0.9,-0.23,-0.02,-0.03,normal
9.21,4.06,0.89,-0.23,-0.01,-0.03,normal
9.27,4.09,0.91,-0.23,-0.02,-0.03,normal
9.23,4.09,0.88,-0.23,-0.03,-0.03,normal
9.23,4.08,0.91,-0.23,-0.02,-0.03,normal
9.21,4.07,0.88,-0.23,-0.03,-0.02,normal
9.23,4.07,0.89,-0.23,-0.02,-0.02,normal
9.24,4.08,0.91,-0.23,-0.02,-0.03,normal
9.25,4.08,0.91,-0.23,-0.02,-0.03,normal
9.22,4.07,0.89,-0.23,-0.02,-0.03,normal
9.24,4.03,0.89,-0.23,-0.02,-0.03,normal
9.22,4.05,0.94,-0.23,-0.02,-0.02,normal
9.23,4.09,0.88,-0.23,-0.02,-0.03,normal
9.25,4.08,0.88,-0.23,-0.02,-0.03,normal
9.24,4.07,0.89,-0.23,-0.02,-0.03,normal
9.25,4.02,0.88,-0.23,-0.02,-0.02,normal
9.22,4.07,0.9,-0.23,-0.02,-0.02,normal
9.21,4.1,0.91,-0.23,-0.02,-0.03,normal
9.25,4.08,0.91,-0.23,-0.02,-0.03,normal
9.21,4.08,0.9,-0.23,-0.02,-0.03,normal
9.23,4.07,0.91,-0.23,-0.03,-0.02,normal
9.24,4.04,0.91,-0.23,-0.02,-0.02,normal
9.22,4.09,0.91,-0.23,-0.02,-0.03,normal
9.22,4.1,0.92,-0.23,-0.02,-0.02,normal
9.24,4.08,0.88,-0.23,-0.03,-0.03,normal
9.24,4.09,0.86,-0.23,-0.02,-0.03,normal
9.25,4.1,0.92,-0.23,-0.02,-0.02,normal
9.23,4.08,0.92,-0.23,-0.02,-0.03,normal
9.23,4.11,0.89,-0.23,-0.02,-0.03,normal
9.21,4.01,0.88,-0.23,-0.03,-0.02,normal
9.24,4.03,0.88,-0.23,-0.02,-0.02,normal
9.27,4.06,0.85,-0.23,-0.02,-0.02,normal
9.25,4.06,0.88,-0.23,-0.02,-0.03,normal
9.26,4.06,0.9,-0.23,-0.02,-0.03,normal
9.23,4.1,0.89,-0.23,-0.03,-0.03,normal
9.24,4.04,0.92,-0.23,-0.02,-0.03,normal
8.78,4.87,1.42,-0.23,-0.02,-0.02,reflex
8.76,4.86,1.41,-0.23,-0.01,-0.03,reflex
-0.65,-0.93,-9.88,-6.27,8.49,-4.13,reflex
-3.65,-8.79,2.95,1.1,-0.63,-0.24,reflex
0.62,-2.76,8.71,1.24,-1.44,0.89,reflex
6.31,3.73,5.83,1.04,-0.95,1.03,reflex
8.52,5.29,1.74,0.01,-0.16,-0.15,reflex
8.6,5.14,1.38,-0.23,-0.02,-0.02,reflex
8.58,5.12,1.35,-0.23,-0.03,-0.03,reflex
8.57,5.15,1.36,-0.23,-0.02,-0.03,reflex
0.63,-0.4,-9.0,-8.73,3.72,-1.83,reflex
6.61,-4.81,5.78,1.17,-0.09,-0.61,reflex
7.79,4.28,4.8,1.42,-1.57,-0.04,reflex
8.56,4.98,1.62,-0.13,-0.07,-0.07,reflex
8.23,5.6,1.48,-0.23,-0.02,-0.04,reflex
8.21,5.67,1.49,-0.23,-0.02,-0.03,reflex
8.13,5.77,1.45,-0.23,-0.02,-0.03,reflex
8.15,5.73,1.42,-0.23,-0.01,-0.03,reflex
-0.25,-6.58,-19.5,-8.38,6.55,-1.59,reflex
-2.32,-3.85,6.29,2.59,-1.93,0.42,reflex
7.48,3.71,5.31,0.8,-1.27,0.8,reflex
7.11,4.53,2.19,-0.07,-0.1,-0.45,reflex
7.9,6.14,1.81,-0.23,-0.02,-0.04,reflex
7.74,6.21,1.88,-0.21,-0.02,-0.01,reflex
7.51,6.48,1.69,-0.23,-0.02,-0.02,reflex
7.5,6.5,1.68,-0.23,-0.02,-0.03,reflex
8.38,-14.63,-14.53,-3.76,1.34,5.11,reflex
7.43,-6.24,2.2,1.54,0.54,-1.03,reflex
27.04,29.09,5.88,0.71,2.42,-3.38,reflex
8.09,6.37,1.58,-0.28,-0.11,0.18,reflex
8.04,5.75,1.73,-0.23,-0.03,-0.02,reflex
8.09,5.77,1.72,-0.23,-0.02,-0.03,reflex
8.09,5.82,1.73,-0.23,-0.02,-0.03,reflex
-3.98,7.5,4.11,-0.11,-0.72,0.27,reflex
6.01,7.23,2.87,-0.06,-2.15,2.05,reflex
7.77,6.72,1.83,-0.21,-0.01,-0.09,reflex
7.32,6.61,1.75,-0.23,-0.02,-0.03,reflex
7.33,6.63,1.74,-0.23,-0.02,-0.03,reflex
7.39,6.61,1.72,-0.23,-0.02,-0.02,reflex
-14.15,-7.66,-3.61,-0.73,1.14,-0.65,reflex
-1.16,7.24,5.13,1.11,-2.69,1.28,reflex
7.3,4.78,2.89,0.27,-0.24,-0.25,reflex
7.74,5.97,1.89,-0.23,-0.03,-0.05,reflex
7.74,6.14,1.93,-0.22,-0.02,-0.04,reflex
7.72,6.15,1.92,-0.23,-0.02,-0.03,reflex
7.73,6.14,1.94,-0.23,-0.03,-0.02,reflex
7.69,6.19,1.86,-0.23,-0.02,-0.03,reflex
7.7,6.14,1.86,-0.23,-0.02,-0.03,reflex
14.99,33.14,-5.97,-6.61,3.89,0.22,reflex
6.04,-11.75,-2.14,0.82,0.27,-0.52,reflex
6.23,-0.96,4.79,2.4,0.06,0.38,reflex
8.09,7.69,3.33,0.5,-0.56,0.08,reflex
8.12,5.62,1.58,-0.22,-0.01,-0.02,reflex
8.23,5.64,1.54,-0.23,-0.02,-0.02,reflex
8.21,5.63,1.52,-0.23,-0.02,-0.03,reflex
8.21,5.65,1.56,-0.23,-0.02,-0.02,reflex
8.23,5.63,1.48,-0.23,-0.02,-0.03,reflex
8.22,5.63,1.53,-0.23,-0.02,-0.02,reflex
8.23,5.62,1.53,-0.23,-0.02,-0.03,reflex
-0.6,-7.43,2.24,-1.29,-0.39,1.27,reflex
5.9,-4.09,2.55,1.62,-0.42,-0.63,reflex
7.27,6.57,2.03,0.63,0.16,-0.9,reflex
8.79,6.52,2.05,-0.19,0.03,-0.09,reflex
8.31,5.37,1.75,-0.23,-0.02,-0.03,reflex
8.36,5.39,1.72,-0.23,-0.02,-0.03,reflex
9.09,4.03,1.87,-0.23,-0.02,-0.02,reflex
9.05,4.06,1.89,-0.23,-0.03,-0.03,reflex
9.08,4.08,1.87,-0.23,-0.03,-0.03,reflex
-1.32,5.55,-2.05,-5.07,6.38,-7.07,reflex
-8.52,-3.06,3.86,0.07,-0.63,0.37,reflex
-4.18,1.05,6.23,1.75,-1.08,1.34,reflex
9.9,4.13,3.61,0.06,-2.09,1.71,reflex
9.29,3.67,1.58,-0.22,-0.05,0.0,reflex
9.25,3.9,1.48,-0.23,-0.02,-0.04,reflex
9.23,3.88,1.47,-0.23,-0.03,-0.03,reflex
9.24,3.92,1.45,-0.23,-0.03,-0.03,reflex
9.22,3.97,1.38,-0.23,-0.02,-0.03,reflex
9.26,3.93,1.37,-0.23,-0.01,-0.03,reflex
9.2,3.99,1.28,-0.23,-0.04,-0.01,reflex
-5.72,-7.22,-9.01,-6.51,0.67,0.59,reflex
2.18,-11.44,-5.32,2.49,-0.08,-0.6,reflex
4.06,4.3,6.53,3.09,-1.29,-1.28,reflex
5.57,4.31,3.15,0.54,-1.58,0.44,reflex
8.72,5.26,1.57,-0.23,-0.03,0.03,reflex
8.59,5.0,1.35,-0.24,-0.03,-0.03,reflex
8.44,5.45,1.45,-0.21,0.01,-0.27,reflex
8.41,5.5,1.28,-0.24,-0.03,-0.03,reflex
7.13,6.06,1.78,-0.23,-0.02,0.01,reflex
7.36,6.64,1.64,-0.23,-0.03,-0.02,reflex
0.06,9.26,1.45,-5.81,1.57,1.45,reflex
3.32,-10.07,-4.45,0.55,0.55,-0.26,reflex
4.84,-2.11,0.27,4.32,1.78,-0.16,reflex
9.33,1.64,3.67,0.01,-0.78,-0.45,reflex
9.41,3.01,1.92,-0.2,-0.03,-0.11,reflex
9.41,3.33,1.88,-0.23,-0.03,-0.03,reflex
9.34,3.33,1.76,-0.22,-0.03,-0.1,reflex
9.41,3.34,1.74,-0.23,-0.03,-0.03,reflex
9.25,3.83,1.66,-0.23,-0.01,-0.05,reflex
9.33,3.73,1.58,-0.24,-0.02,0.01,reflex
9.43,3.83,1.74,-0.23,-0.02,-0.01,reflex
-6.73,-13.58,-5.37,0.9,-2.69,-0.41,reflex
-1.43,-3.06,5.38,3.79,-2.4,1.67,reflex
9.58,7.96,2.66,-0.75,1.22,-0.73,reflex
7.34,6.67,1.26,-0.28,-0.07,0.06,reflex
7.41,6.67,1.54,-0.23,-0.03,-0.03,reflex
7.39,6.61,1.55,-0.24,-0.03,-0.03,reflex
7.47,6.5,1.48,-0.23,-0.02,-0.06,reflex
7.41,6.56,1.54,-0.23,-0.02,-0.02,reflex
7.38,6.71,1.5,-0.23,-0.03,-0.03,reflex
3.31,-1.59,-8.4,-8.73,7.28,0.22,reflex
-3.89,-10.87,-6.94,0.48,-0.34,0.47,reflex
10.93,4.87,2.49,2.95,-4.77,1.58,reflex
10.74,6.53,1.07,-0.36,-0.05,0.3,reflex
8.81,4.85,1.34,-0.23,-0.02,-0.04,reflex
8.78,4.77,1.29,-0.23,-0.02,-0.04,reflex
8.76,4.84,1.33,-0.23,-0.02,-0.02,reflex
8.74,4.81,1.33,-0.23,-0.03,-0.01,reflex
8.76,4.88,1.24,-0.23,-0.02,-0.02,reflex
8.74,4.84,1.22,-0.23,-0.03,-0.04,reflex
19.12,13.79,-0.86,-1.7,1.21,0.45,reflex
3.6,-6.34,-5.24,0.5,-0.21,0.04,reflex
8.54,-4.14,-4.98,4.39,0.37,-0.17,reflex
14.58,17.38,2.59,-0.13,-1.1,2.19,reflex
8.52,6.25,1.46,-0.22,-0.01,-0.02,reflex
8.35,5.42,1.42,-0.23,-0.02,-0.03,reflex
8.39,5.41,1.39,-0.23,-0.03,-0.03,reflex
8.38,5.4,1.38,-0.23,-0.02,-0.03,reflex
8.39,5.51,1.45,-0.23,-0.02,-0.02,reflex
8.34,5.47,1.44,-0.23,-0.03,-0.02,reflex
6.92,12.8,-4.49,-5.6,3.85,1.6,reflex
-8.25,-15.59,-3.71,0.06,0.52,-0.55,reflex
5.47,4.67,4.02,4.3,-3.49,-2.77,reflex
7.9,4.81,1.82,-0.47,0.01,0.17,reflex
8.16,5.58,1.46,-0.22,-0.01,-0.07,reflex
8.11,5.78,1.48,-0.23,-0.02,-0.03,reflex
8.08,5.78,1.52,-0.23,-0.02,-0.03,reflex
8.07,5.79,1.47,-0.23,-0.02,-0.02,reflex
8.08,5.74,1.52,-0.23,-0.03,-0.02,reflex
8.28,5.63,1.5,-0.23,-0.02,-0.06,reflex
8.27,5.53,1.51,-0.23,-0.03,-0.02,reflex
9.55,5.81,1.45,-0.24,-0.06,-0.21,reflex
-4.65,-14.32,0.33,-1.27,1.91,-0.66,reflex
5.42,8.69,3.77,0.11,-4.37,7.76,reflex
8.45,5.2,1.13,-0.37,-0.16,0.26,reflex
8.36,5.48,1.45,-0.23,-0.03,-0.02,reflex
8.37,5.47,1.49,-0.23,-0.02,-0.03,reflex
8.33,5.45,1.53,-0.23,-0.02,-0.02,reflex
7.98,5.81,1.46,-0.22,-0.03,-0.0,reflex
7.99,5.99,1.54,-0.22,-0.03,-0.07,reflex
16.38,14.35,1.89,-1.81,1.2,-0.85,reflex
13.34,-5.81,-13.09,-1.68,-3.44,-0.82,reflex
-0.1,11.41,3.25,5.77,3.98,0.34,reflex
8.24,5.23,1.95,-0.15,-1.08,1.46,reflex
8.7,4.93,1.33,-0.23,-0.02,-0.03,reflex
8.76,4.82,1.37,-0.23,-0.02,-0.02,reflex
8.75,4.84,1.39,-0.23,-0.03,-0.02,reflex
7.18,4.93,1.32,-0.29,-0.08,0.19,reflex
7.55,6.4,1.44,-0.23,-0.02,-0.02,reflex
7.51,6.54,1.53,-0.23,-0.02,-0.02,reflex
-6.63,3.41,-2.26,-3.38,5.54,-6.64,reflex
2.0,4.38,2.39,-2.13,-6.41,4.67,reflex
6.7,5.01,1.24,-0.34,-0.21,0.31,reflex
7.48,6.45,1.6,-0.23,-0.03,-0.02,reflex
7.49,6.53,1.61,-0.23,-0.02,-0.02,reflex
7.46,6.58,1.64,-0.23,-0.01,-0.02,reflex
7.5,6.51,1.63,-0.23,-0.02,-0.03,reflex
7.47,6.52,1.64,-0.23,-0.02,-0.02,reflex
21.27,26.59,-9.97,-2.26,-0.95,0.86,reflex
-5.09,-5.72,1.11,3.01,-2.57,1.31,reflex
10.1,6.77,2.51,1.93,-2.24,0.14,reflex
7.47,4.95,1.38,-0.22,0.02,-0.26,reflex
7.71,6.31,1.35,-0.23,-0.02,-0.04,reflex
7.69,6.35,1.37,-0.23,-0.02,-0.03,reflex
7.66,6.43,1.52,-0.23,-0.02,-0.03,reflex
7.6,6.39,1.51,-0.23,-0.02,-0.03,reflex
7.6,6.44,1.52,-0.23,-0.02,-0.03,reflex
6.63,-5.99,-9.04,-4.67,-4.38,-8.18,reflex
0.95,16.47,6.52,5.36,-0.23,6.55,reflex
10.43,6.16,1.3,-0.24,0.14,0.06,reflex
7.98,5.76,1.79,-0.24,-0.03,-0.0,reflex
8.0,5.8,1.81,-0.23,-0.02,-0.03,reflex
8.01,5.8,1.8,-0.23,-0.02,-0.02,reflex
7.99,5.81,1.75,-0.23,-0.02,-0.03,reflex
8.01,5.92,1.81,-0.23,-0.02,-0.04,reflex
8.14,5.57,1.7,-0.21,0.01,-0.13,reflex
1.14,-11.88,-11.33,-4.94,-1.01,-7.02,reflex
-4.68,0.58,2.39,4.18,-0.17,4.26,reflex
4.59,3.23,3.21,0.51,-0.03,-1.01,reflex
6.25,7.84,1.82,-0.17,0.1,-0.11,reflex
6.41,7.51,1.55,-0.22,-0.07,0.04,reflex
6.45,7.29,1.74,-0.21,0.02,-0.09,reflex
6.6,7.36,1.64,-0.23,-0.03,-0.02,reflex
6.61,7.28,1.58,-0.23,-0.02,-0.03,reflex
6.31,7.57,1.77,-0.23,-0.0,-0.02,reflex
12.7,19.56,-0.6,-2.14,0.31,-0.58,reflex
-0.95,-10.13,4.27,1.9,0.52,1.09,reflex
7.05,9.45,1.16,2.14,-2.75,2.18,reflex
5.66,6.75,1.95,-0.1,-0.2,0.25,reflex
5.85,7.77,1.76,-0.24,-0.04,-0.05,reflex
6.0,7.84,1.71,-0.23,-0.01,-0.04,reflex
5.65,8.14,1.57,-0.24,-0.05,-0.01,reflex
5.87,7.96,1.62,-0.24,-0.04,0.04,reflex
6.1,7.81,1.55,-0.24,-0.03,0.01,reflex
8.03,18.38,1.88,-2.74,0.88,-0.17,reflex
9.67,-3.34,-5.13,3.31,4.83,2.88,reflex
2.89,5.03,1.03,-1.22,-0.0,-1.7,reflex
6.23,6.63,1.28,-0.34,-0.17,0.21,reflex
6.54,7.39,1.5,-0.23,-0.0,-0.04,reflex
6.72,7.27,1.71,-0.23,-0.02,0.04,reflex
6.7,7.3,1.59,-0.23,-0.02,-0.04,reflex
6.71,7.24,1.62,-0.23,-0.02,-0.02,reflex
6.73,7.29,1.6,-0.23,-0.02,-0.03,reflex
18.28,9.7,-3.04,-3.29,4.1,-0.71,reflex
5.32,-0.19,8.21,-0.46,1.25,0.73,reflex
10.0,-0.57,6.12,0.46,-2.74,0.16,reflex
9.69,3.68,1.37,-0.21,0.01,-0.16,reflex
8.79,4.63,1.67,-0.25,-0.04,0.09,reflex
8.67,4.88,1.7,-0.23,-0.02,-0.04,reflex
8.43,5.32,1.58,-0.23,-0.02,-0.03,reflex
8.43,5.34,1.58,-0.23,-0.02,-0.04,reflex
8.4,5.35,1.58,-0.23,-0.02,-0.02,reflex
8.42,5.35,1.6,-0.23,-0.02,-0.02,reflex
8.41,5.35,1.57,-0.23,-0.02,-0.02,reflex
9.28,6.23,2.95,0.94,-4.08,-0.93,reflex
-2.16,-5.64,6.9,0.78,-3.01,8.73,reflex
9.76,0.34,4.44,0.65,-1.23,-1.3,reflex
9.67,2.84,1.87,-0.2,-0.02,-0.1,reflex
9.55,2.77,1.73,-0.22,-0.02,-0.08,reflex
9.51,3.17,1.75,-0.24,-0.02,0.03,reflex
9.47,3.19,1.7,-0.23,-0.02,-0.03,reflex
9.42,3.19,1.7,-0.23,-0.02,-0.05,reflex
1.19,6.51,0.36,-6.85,1.91,-8.73,reflex
10.76,0.17,6.52,0.18,0.25,0.88,reflex
9.88,0.16,4.68,1.88,-1.93,-0.07,reflex
10.27,3.63,0.7,-0.09,0.1,-0.43,reflex
9.44,3.32,1.23,-0.23,-0.02,-0.04,reflex
9.5,3.38,1.13,-0.23,-0.02,-0.04,reflex
9.46,3.39,1.1,-0.23,-0.02,-0.03,reflex
9.46,3.42,1.14,-0.23,-0.02,-0.03,reflex
9.48,3.38,1.09,-0.23,-0.03,-0.02,reflex
9.5,3.42,1.07,-0.23,-0.02,-0.02,reflex
9.69,3.57,1.11,-0.24,-0.04,-0.03,reflex
-10.27,-6.26,1.66,-0.73,1.08,-1.01,reflex
-2.73,2.74,4.52,0.96,-3.63,3.44,reflex
9.02,4.91,1.6,0.28,-0.07,-0.16,reflex
9.0,4.84,1.19,-0.23,-0.03,-0.02,reflex
8.86,4.75,1.24,-0.23,-0.02,-0.03,reflex
8.88,4.78,1.25,-0.23,-0.03,-0.03,reflex
8.85,4.77,1.2,-0.23,-0.02,-0.02,reflex
8.84,4.74,1.24,-0.23,-0.02,-0.02,reflex
7.83,6.22,1.28,-0.23,-0.03,-0.04,reflex
7.81,6.19,1.28,-0.23,-0.03,-0.02,reflex
7.82,6.28,1.26,-0.23,-0.02,-0.02,reflex
-0.19,-2.23,-14.08,-8.09,8.73,-2.82,reflex
-1.89,-2.14,4.6,5.14,-3.59,2.21,reflex
5.44,3.33,2.82,-0.21,-0.08,-0.86,reflex
8.07,6.23,1.1,-0.2,-0.0,-0.04,reflex
7.93,6.24,1.15,-0.23,-0.02,-0.02,reflex
7.9,6.16,1.11,-0.23,-0.02,-0.03,reflex
7.95,6.16,1.19,-0.23,-0.01,-0.03,reflex
7.88,6.02,1.04,-0.23,-0.02,-0.01,reflex
7.91,6.3,1.07,-0.24,-0.02,-0.04,reflex
-1.73,3.83,-4.76,-7.01,-3.37,-1.21,reflex
3.43,3.55,2.51,5.66,0.75,-0.58,reflex
12.11,10.08,-0.0,-1.34,1.94,1.4,reflex
6.72,6.91,1.41,-0.24,-0.03,-0.05,reflex
6.94,7.09,1.38,-0.23,-0.02,-0.03,reflex
6.94,7.13,1.41,-0.23,-0.02,-0.02,reflex
6.95,7.11,1.42,-0.23,-0.02,-0.03,reflex
6.93,7.15,1.41,-0.23,-0.02,-0.02,reflex
14.66,21.85,0.32,-1.44,-0.58,-1.27,reflex
-12.81,-16.5,-11.0,-1.62,1.78,-0.58,reflex
1.97,-3.65,8.82,0.3,-0.29,-0.13,reflex
1.87,-2.71,9.19,-0.11,-0.08,0.07,reflex
5.51,3.04,7.02,1.42,-1.27,-0.12,reflex
9.35,7.18,2.4,-0.29,0.08,0.02,reflex
8.9,4.99,1.51,-0.25,-0.07,-0.06,reflex
8.66,5.23,1.39,-0.09,0.13,-0.34,reflex
8.3,5.45,1.53,-0.22,-0.02,0.0,reflex
8.17,5.67,1.58,-0.24,-0.02,-0.01,reflex
8.16,5.64,1.58,-0.23,-0.02,-0.03,reflex
8.36,5.89,1.63,-0.23,-0.01,-0.05,reflex
8.12,5.69,1.55,-0.22,-0.02,-0.01,reflex
12.82,23.18,1.57,-2.83,2.13,-1.02,reflex
10.19,-7.01,-5.33,2.28,1.33,-0.64,reflex
17.67,25.23,2.33,-1.22,1.66,-0.18,reflex
7.6,8.01,1.38,-0.22,0.09,-0.13,reflex
7.64,6.44,1.41,-0.23,-0.02,-0.03,reflex
7.63,6.37,1.41,-0.23,-0.02,-0.04,reflex
7.51,6.53,1.45,-0.23,-0.02,-0.02,reflex
7.45,6.53,1.44,-0.23,-0.03,-0.02,reflex
0.58,19.84,-3.62,-6.05,3.45,-3.31,reflex
2.8,-1.09,8.58,4.17,1.69,3.1,reflex
6.67,2.74,2.42,0.7,-1.93,0.69,reflex
7.91,6.19,1.54,-0.2,-0.0,-0.1,reflex
7.76,6.23,1.46,-0.23,-0.02,-0.03,reflex
7.79,6.29,1.46,-0.23,-0.02,-0.03,reflex
7.75,6.28,1.51,-0.23,-0.02,0.01,reflex
7.77,6.28,1.42,-0.23,-0.02,-0.02,reflex
7.56,5.75,1.44,-0.37,0.05,0.03,reflex
7.77,6.49,1.29,-0.15,0.06,-0.35,reflex
7.13,0.3,-13.14,-6.89,-3.1,0.6,reflex
5.47,-0.93,-0.86,4.81,0.53,0.6,reflex
5.77,3.34,0.36,-0.53,-0.88,-1.15,reflex
8.27,5.28,1.45,-0.24,-0.04,0.1,reflex
8.26,5.59,1.51,-0.23,-0.02,-0.02,reflex
8.25,5.56,1.47,-0.23,-0.02,-0.03,reflex
8.37,5.42,1.25,-0.26,-0.01,-0.03,reflex
8.23,5.74,1.75,-0.23,-0.03,0.01,reflex
8.2,5.96,1.61,-0.19,0.05,-0.27,reflex
11.21,2.1,-5.92,-4.99,-3.05,-3.14,reflex
-6.28,-9.91,-4.0,1.35,2.89,4.73,reflex
11.31,3.33,-0.45,2.25,-4.44,1.59,reflex
7.81,6.57,1.86,-0.14,0.07,-0.31,reflex
7.46,6.72,1.45,-0.22,-0.02,-0.03,reflex
7.41,6.56,1.91,-0.23,-0.02,-0.04,reflex
7.42,6.6,1.84,-0.22,-0.03,0.01,reflex
7.52,6.52,1.78,-0.23,-0.02,-0.02,reflex
7.44,6.52,1.83,-0.23,-0.03,-0.03,reflex
-1.94,-12.3,-17.3,-8.45,-0.24,-2.13,reflex
6.1,14.35,1.73,1.95,-2.61,1.33,reflex
6.93,5.89,1.49,-0.12,0.28,-0.58,reflex
7.66,6.21,1.55,-0.23,-0.04,-0.03,reflex
7.67,6.28,1.58,-0.23,-0.04,-0.04,reflex
7.6,6.34,1.6,-0.23,-0.02,-0.01,reflex
7.68,6.5,1.52,-0.23,-0.02,-0.01,reflex
7.61,6.34,1.52,-0.22,-0.03,-0.03,reflex
7.62,6.36,1.54,-0.23,-0.01,-0.02,reflex
7.6,6.39,1.57,-0.23,-0.02,-0.01,reflex
7.58,6.45,1.59,-0.22,-0.02,-0.05,reflex
12.64,12.66,0.33,0.07,-1.59,-1.39,reflex
0.59,-2.71,-16.81,7.98,-8.73,1.05,reflex
5.22,2.7,-0.55,-0.19,-0.64,-0.47,reflex
8.48,5.36,1.51,-0.22,-0.01,-0.02,reflex
8.32,5.57,1.54,-0.23,-0.02,-0.04,reflex
8.16,5.7,1.49,-0.23,-0.02,-0.03,reflex
8.2,5.72,1.5,-0.23,-0.02,-0.03,reflex
8.22,5.59,1.47,-0.23,-0.02,-0.03,reflex
8.14,5.75,1.51,-0.23,-0.01,-0.05,reflex
-14.25,18.62,-1.37,-2.88,3.89,-8.73,reflex
2.69,-0.5,0.62,0.22,7.17,2.28,reflex
4.41,1.24,2.54,-0.58,0.5,0.08,reflex
8.16,5.37,1.72,-0.13,0.06,-0.47,reflex
7.92,5.98,1.62,-0.22,-0.02,-0.07,reflex
7.84,6.12,1.61,-0.23,-0.02,-0.03,reflex
7.8,6.11,1.61,-0.23,-0.02,-0.03,reflex
7.79,6.15,1.63,-0.22,-0.03,-0.03,reflex
11.52,10.63,1.01,-0.36,-0.39,-1.24,reflex
0.84,-19.09,-7.74,-0.02,-0.56,-0.35,reflex
10.93,5.71,-0.16,1.7,-3.54,1.26,reflex
5.6,4.62,1.35,-0.38,-0.39,-0.07,reflex
6.58,7.33,1.71,-0.24,-0.04,-0.0,reflex
6.55,7.44,1.75,-0.23,-0.02,-0.03,reflex
6.51,7.41,1.71,-0.23,-0.02,-0.02,reflex
10.27,10.89,0.22,-1.46,0.1,-6.09,reflex
-0.38,-10.89,-10.31,-4.09,8.73,5.45,reflex
11.61,2.11,-2.44,2.59,-5.91,5.42,reflex
5.85,5.92,1.42,-0.18,-0.71,-0.42,reflex
7.15,7.02,1.89,-0.22,-0.01,-0.03,reflex
7.13,6.84,1.71,-0.23,-0.03,-0.02,reflex
7.01,6.97,1.69,-0.23,-0.02,-0.03,reflex
10.69,9.84,0.08,-0.23,-0.0,-3.48,reflex
2.01,-1.25,-1.16,0.24,7.39,2.7,reflex
3.63,2.15,3.67,-0.69,0.96,-1.81,reflex
6.85,5.98,1.86,-0.21,-0.02,-0.01,reflex
7.29,6.63,1.75,-0.22,-0.02,-0.07,reflex
7.24,6.76,1.79,-0.23,-0.03,-0.02,reflex
6.93,7.12,1.75,-0.23,-0.03,-0.02,reflex
6.91,7.04,1.76,-0.23,-0.02,-0.03,reflex
6.96,7.04,1.7,-0.23,-0.02,-0.03,reflex
-7.9,-13.2,-11.86,-0.72,0.26,-4.08,reflex
8.32,13.38,2.08,0.92,-1.1,2.14,reflex
5.2,9.34,1.71,-0.25,0.04,-0.11,reflex
5.03,8.41,1.78,-0.23,-0.02,-0.04,reflex
5.05,8.43,1.78,-0.23,-0.02,-0.03,reflex
5.07,8.39,1.78,-0.23,-0.02,-0.03,reflex
5.01,8.47,1.77,-0.23,-0.02,-0.02,reflex
5.04,8.42,1.76,-0.23,-0.02,-0.03,reflex
5.01,8.44,1.81,-0.23,-0.02,-0.02,reflex
-0.98,-12.58,-8.7,-1.86,0.82,1.73,reflex
10.55,5.83,-1.43,2.49,-2.72,1.12,reflex
6.4,6.87,0.97,-0.3,-0.55,-0.06,reflex
6.74,7.41,1.67,-0.22,-0.02,-0.03,reflex
6.71,7.24,1.61,-0.23,-0.02,-0.02,reflex
7.42,6.56,1.71,-0.23,-0.02,-0.03,reflex
7.4,6.56,1.72,-0.23,-0.02,-0.03,reflex
7.38,6.58,1.75,-0.23,-0.01,-0.03,reflex
8.56,19.59,-2.95,-5.78,3.22,0.02,reflex
4.95,-2.25,-3.17,5.79,2.91,4.15,reflex
5.86,3.1,3.38,0.53,-1.77,-0.41,reflex
7.94,6.16,1.68,-0.19,-0.0,-0.1,reflex
7.66,6.29,1.6,-0.23,-0.02,-0.04,reflex
7.73,6.26,1.6,-0.23,-0.02,-0.03,reflex
7.72,6.28,1.64,-0.23,-0.02,-0.03,reflex
7.69,6.27,1.65,-0.23,-0.02,-0.03,reflex
6.36,0.64,-11.6,-7.19,0.7,1.97,reflex
6.12,6.37,0.5,7.38,-6.92,2.87,reflex
8.97,7.15,1.76,0.02,0.14,-0.12,reflex
7.89,6.09,1.36,-0.23,-0.02,-0.02,reflex
7.87,6.16,1.38,-0.23,-0.02,-0.03,reflex
7.86,6.14,1.4,-0.23,-0.02,-0.03,reflex
7.86,6.17,1.38,-0.23,-0.02,-0.02,reflex
7.87,6.17,1.41,-0.23,-0.02,-0.02,reflex
13.07,5.68,0.63,-0.49,0.4,0.11,reflex
8.74,5.3,1.22,-0.23,-0.03,-0.02,reflex
8.62,5.09,1.18,-0.23,-0.02,-0.04,reflex
11.96,17.24,-1.25,-3.34,1.36,-3.71,reflex
-4.64,-4.17,3.54,6.05,-0.53,8.73,reflex
5.47,1.57,4.28,0.2,-1.5,0.31,reflex
9.38,4.3,1.85,-0.22,-0.01,-0.06,reflex
8.94,4.37,1.7,-0.21,-0.01,-0.09,reflex
8.09,5.71,1.8,-0.23,-0.02,-0.03,reflex
8.08,5.73,1.81,-0.23,-0.02,-0.02,reflex
-0.02,2.32,-10.88,-8.73,0.5,-5.7,reflex
-6.53,11.82,6.79,5.41,-1.4,7.55,reflex
16.32,7.57,-1.14,-0.11,0.13,-0.89,reflex
8.68,5.12,0.8,-0.23,-0.03,0.01,reflex
8.65,5.1,0.83,-0.23,-0.01,-0.04,reflex
8.63,5.19,0.81,-0.23,-0.02,-0.02,reflex
8.64,5.19,0.83,-0.23,-0.02,-0.03,reflex
15.18,23.0,-7.41,-4.6,1.73,-1.39,reflex
7.32,-9.65,-7.59,5.17,0.61,0.31,reflex
4.52,6.55,1.19,-0.99,-0.06,1.03,reflex
8.29,6.21,1.28,-0.27,-0.07,0.08,reflex
8.2,5.6,1.63,-0.23,-0.02,-0.03,reflex
8.22,5.63,1.57,-0.23,-0.02,-0.02,reflex
8.22,5.64,1.56,-0.23,-0.02,-0.02,reflex
15.15,10.09,1.36,-0.44,-0.44,-2.01,reflex
-4.34,-17.98,-8.89,-0.02,1.24,-0.22,reflex
7.92,9.09,0.7,1.63,-3.75,4.99,reflex
6.1,5.9,2.11,-0.15,0.08,-0.17,reflex
6.48,7.3,1.73,-0.23,-0.02,-0.03,reflex
6.52,7.39,1.77,-0.23,-0.02,-0.03,reflex
6.53,7.39,1.77,-0.23,-0.02,-0.03,reflex
7.39,6.59,1.58,-0.23,-0.02,-0.02,reflex
7.41,6.62,1.57,-0.23,-0.02,-0.01,reflex
12.01,10.89,0.06,-0.76,0.22,-1.31,reflex
-1.41,-16.8,-10.63,4.13,0.77,-0.37,reflex
14.46,4.56,-3.39,2.53,-6.38,-0.1,reflex
6.53,3.7,2.19,-0.32,0.18,-0.33,reflex
7.56,6.65,1.47,-0.22,-0.02,-0.02,reflex
7.51,6.5,1.48,-0.23,-0.02,-0.03,reflex
7.59,6.45,1.5,-0.23,-0.02,-0.04,reflex
7.46,6.54,1.48,-0.23,-0.02,-0.03,reflex
7.48,6.56,1.47,-0.23,-0.02,-0.02,reflex
7.48,6.51,1.48,-0.23,-0.03,-0.02,reflex
17.37,-10.17,-11.71,-1.81,-5.25,-5.45,reflex
28.91,37.2,-5.87,3.25,-0.92,-8.73,reflex
7.68,6.58,1.73,0.12,0.27,-1.01,reflex
7.59,6.34,1.56,-0.23,-0.03,-0.02,reflex
7.35,6.56,1.68,-0.22,0.0,-0.1,reflex
7.27,6.7,1.78,-0.23,-0.02,-0.03,reflex
7.26,6.72,1.67,-0.23,-0.02,-0.03,reflex
7.33,6.69,1.69,-0.23,-0.03,-0.01,reflex
-2.76,-8.88,-12.38,-6.2,6.76,-4.55,reflex
3.61,6.97,0.06,4.52,-6.65,6.24,reflex
8.41,10.35,2.0,-0.39,-0.17,0.15,reflex
6.65,7.08,1.78,-0.24,-0.03,-0.01,reflex
6.68,7.29,1.83,-0.23,-0.03,-0.02,reflex
6.74,7.24,1.86,-0.23,-0.03,-0.02,reflex
6.72,7.19,1.83,-0.23,-0.02,-0.02,reflex
6.69,7.24,1.82,-0.23,-0.03,-0.02,reflex
6.73,7.24,1.84,-0.22,0.0,0.03,reflex
